anio,mes,dia,fecha_date,fecha,cant_conversaciones,cant_intencion_compra,cant_adquisicion,cant_compra
2020,202008,2020-08-07,2020-08-07 02:00:00,2020080702,0.0,1.0,1.0,0.0
2020,202008,2020-08-07,2020-08-07 03:00:00,2020080703,0.0,1.0,1.0,0.0
2020,202008,2020-08-07,2020-08-07 05:00:00,2020080705,1.0,1.0,1.0,0.0
2020,202008,2020-08-07,2020-08-07 06:00:00,2020080706,1.0,1.0,1.0,0.0
2020,202008,2020-08-07,2020-08-07 07:00:00,2020080707,3.0,2.0,2.0,0.0
2020,202008,2020-08-07,2020-08-07 09:00:00,2020080709,1.0,0.0,0.0,0.0
2020,202008,2020-08-07,2020-08-07 11:00:00,2020080711,2.0,0.0,0.0,0.0
2020,202008,2020-08-07,2020-08-07 12:00:00,2020080712,1.0,1.0,1.0,0.0
2020,202008,2020-08-07,2020-08-07 13:00:00,2020080713,1.0,2.0,2.0,0.0
2020,202008,2020-08-07,2020-08-07 14:00:00,2020080714,4.0,0.0,0.0,0.0
2020,202008,2020-08-07,2020-08-07 15:00:00,2020080715,3.0,0.0,0.0,0.0
2020,202008,2020-08-07,2020-08-07 16:00:00,2020080716,2.0,0.0,0.0,0.0
2020,202008,2020-08-07,2020-08-07 17:00:00,2020080717,2.0,1.0,1.0,0.0
2020,202008,2020-08-07,2020-08-07 18:00:00,2020080718,3.0,0.0,0.0,0.0
2020,202008,2020-08-07,2020-08-07 19:00:00,2020080719,3.0,0.0,0.0,0.0
2020,202008,2020-08-07,2020-08-07 20:00:00,2020080720,2.0,3.0,3.0,0.0
2020,202008,2020-08-07,2020-08-07 21:00:00,2020080721,3.0,0.0,0.0,0.0
2020,202008,2020-08-07,2020-08-07 22:00:00,2020080722,1.0,1.0,1.0,0.0
2020,202008,2020-08-07,2020-08-07 23:00:00,2020080723,1.0,1.0,1.0,0.0
2020,202008,2020-08-08,2020-08-08 00:00:00,2020080800,3.0,1.0,1.0,0.0
2020,202008,2020-08-08,2020-08-08 01:00:00,2020080801,1.0,0.0,0.0,0.0
2020,202008,2020-08-08,2020-08-08 02:00:00,2020080802,1.0,0.0,0.0,0.0
2020,202008,2020-08-08,2020-08-08 03:00:00,2020080803,0.0,2.0,2.0,0.0
2020,202008,2020-08-08,2020-08-08 04:00:00,2020080804,0.0,1.0,1.0,0.0
2020,202008,2020-08-08,2020-08-08 05:00:00,2020080805,1.0,1.0,1.0,0.0
2020,202008,2020-08-08,2020-08-08 06:00:00,2020080806,2.0,1.0,1.0,0.0
2020,202008,2020-08-08,2020-08-08 07:00:00,2020080807,1.0,0.0,0.0,0.0
2020,202008,2020-08-08,2020-08-08 08:00:00,2020080808,2.0,0.0,0.0,0.0
2020,202008,2020-08-08,2020-08-08 09:00:00,2020080809,2.0,0.0,0.0,0.0
2020,202008,2020-08-08,2020-08-08 10:00:00,2020080810,2.0,0.0,0.0,0.0
2020,202008,2020-08-08,2020-08-08 11:00:00,2020080811,0.0,1.0,1.0,0.0
2020,202008,2020-08-08,2020-08-08 13:00:00,2020080813,1.0,1.0,1.0,0.0
2020,202008,2020-08-08,2020-08-08 14:00:00,2020080814,0.0,2.0,2.0,1.0
2020,202008,2020-08-08,2020-08-08 15:00:00,2020080815,2.0,0.0,0.0,0.0
2020,202008,2020-08-08,2020-08-08 16:00:00,2020080816,0.0,2.0,2.0,0.0
2020,202008,2020-08-08,2020-08-08 17:00:00,2020080817,2.0,0.0,0.0,0.0
2020,202008,2020-08-08,2020-08-08 18:00:00,2020080818,4.0,0.0,0.0,0.0
2020,202008,2020-08-08,2020-08-08 19:00:00,2020080819,1.0,1.0,1.0,0.0
2020,202008,2020-08-08,2020-08-08 20:00:00,2020080820,3.0,0.0,0.0,0.0
2020,202008,2020-08-08,2020-08-08 21:00:00,2020080821,1.0,1.0,1.0,1.0
2020,202008,2020-08-08,2020-08-08 22:00:00,2020080822,1.0,0.0,0.0,0.0
2020,202008,2020-08-08,2020-08-08 23:00:00,2020080823,0.0,2.0,2.0,0.0
2020,202008,2020-08-09,2020-08-09 00:00:00,2020080900,1.0,2.0,2.0,0.0
2020,202008,2020-08-09,2020-08-09 01:00:00,2020080901,0.0,1.0,1.0,0.0
2020,202008,2020-08-09,2020-08-09 02:00:00,2020080902,0.0,3.0,3.0,0.0
2020,202008,2020-08-09,2020-08-09 03:00:00,2020080903,0.0,1.0,1.0,0.0
2020,202008,2020-08-09,2020-08-09 04:00:00,2020080904,0.0,1.0,1.0,0.0
2020,202008,2020-08-09,2020-08-09 06:00:00,2020080906,0.0,1.0,1.0,0.0
2020,202008,2020-08-09,2020-08-09 08:00:00,2020080908,1.0,0.0,0.0,0.0
2020,202008,2020-08-09,2020-08-09 09:00:00,2020080909,1.0,0.0,0.0,0.0
2020,202008,2020-08-09,2020-08-09 10:00:00,2020080910,2.0,0.0,0.0,0.0
2020,202008,2020-08-09,2020-08-09 12:00:00,2020080912,1.0,0.0,0.0,0.0
2020,202008,2020-08-09,2020-08-09 14:00:00,2020080914,1.0,1.0,1.0,0.0
2020,202008,2020-08-09,2020-08-09 15:00:00,2020080915,2.0,1.0,1.0,0.0
2020,202008,2020-08-09,2020-08-09 16:00:00,2020080916,1.0,2.0,2.0,0.0
2020,202008,2020-08-09,2020-08-09 17:00:00,2020080917,3.0,0.0,0.0,0.0
2020,202008,2020-08-09,2020-08-09 18:00:00,2020080918,5.0,1.0,1.0,0.0
2020,202008,2020-08-09,2020-08-09 20:00:00,2020080920,1.0,1.0,1.0,0.0
2020,202008,2020-08-09,2020-08-09 21:00:00,2020080921,1.0,2.0,2.0,0.0
2020,202008,2020-08-09,2020-08-09 22:00:00,2020080922,1.0,0.0,0.0,0.0
2020,202008,2020-08-09,2020-08-09 23:00:00,2020080923,0.0,2.0,2.0,0.0
2020,202008,2020-08-10,2020-08-10 00:00:00,2020081000,0.0,3.0,3.0,0.0
2020,202008,2020-08-10,2020-08-10 02:00:00,2020081002,0.0,1.0,1.0,0.0
2020,202008,2020-08-10,2020-08-10 03:00:00,2020081003,0.0,1.0,1.0,0.0
2020,202008,2020-08-10,2020-08-10 04:00:00,2020081004,0.0,1.0,1.0,0.0
2020,202008,2020-08-10,2020-08-10 07:00:00,2020081007,1.0,0.0,0.0,0.0
2020,202008,2020-08-10,2020-08-10 08:00:00,2020081008,1.0,0.0,0.0,0.0
2020,202008,2020-08-10,2020-08-10 10:00:00,2020081010,1.0,0.0,0.0,0.0
2020,202008,2020-08-10,2020-08-10 11:00:00,2020081011,1.0,0.0,0.0,0.0
2020,202008,2020-08-10,2020-08-10 12:00:00,2020081012,2.0,0.0,0.0,0.0
2020,202008,2020-08-10,2020-08-10 13:00:00,2020081013,0.0,1.0,1.0,0.0
2020,202008,2020-08-10,2020-08-10 14:00:00,2020081014,0.0,1.0,1.0,0.0
2020,202008,2020-08-10,2020-08-10 15:00:00,2020081015,2.0,0.0,0.0,0.0
2020,202008,2020-08-10,2020-08-10 16:00:00,2020081016,2.0,1.0,1.0,0.0
2020,202008,2020-08-10,2020-08-10 18:00:00,2020081018,2.0,1.0,1.0,1.0
2020,202008,2020-08-10,2020-08-10 19:00:00,2020081019,1.0,0.0,0.0,0.0
2020,202008,2020-08-10,2020-08-10 20:00:00,2020081020,1.0,0.0,0.0,0.0
2020,202008,2020-08-10,2020-08-10 21:00:00,2020081021,3.0,1.0,1.0,0.0
2020,202008,2020-08-10,2020-08-10 22:00:00,2020081022,0.0,4.0,4.0,0.0
2020,202008,2020-08-11,2020-08-11 00:00:00,2020081100,0.0,1.0,1.0,0.0
2020,202008,2020-08-11,2020-08-11 01:00:00,2020081101,1.0,1.0,1.0,0.0
2020,202008,2020-08-11,2020-08-11 02:00:00,2020081102,0.0,1.0,1.0,0.0
2020,202008,2020-08-11,2020-08-11 03:00:00,2020081103,0.0,1.0,1.0,0.0
2020,202008,2020-08-11,2020-08-11 11:00:00,2020081111,1.0,0.0,0.0,0.0
2020,202008,2020-08-11,2020-08-11 12:00:00,2020081112,2.0,0.0,0.0,0.0
2020,202008,2020-08-11,2020-08-11 13:00:00,2020081113,1.0,1.0,1.0,0.0
2020,202008,2020-08-11,2020-08-11 14:00:00,2020081114,1.0,0.0,0.0,0.0
2020,202008,2020-08-11,2020-08-11 15:00:00,2020081115,1.0,0.0,0.0,0.0
2020,202008,2020-08-11,2020-08-11 17:00:00,2020081117,1.0,1.0,1.0,0.0
2020,202008,2020-08-11,2020-08-11 18:00:00,2020081118,0.0,1.0,1.0,0.0
2020,202008,2020-08-11,2020-08-11 21:00:00,2020081121,0.0,1.0,1.0,1.0
2020,202008,2020-08-12,2020-08-12 01:00:00,2020081201,1.0,0.0,0.0,0.0
2020,202008,2020-08-12,2020-08-12 07:00:00,2020081207,0.0,1.0,1.0,0.0
2020,202008,2020-08-12,2020-08-12 08:00:00,2020081208,1.0,0.0,0.0,0.0
2020,202008,2020-08-12,2020-08-12 09:00:00,2020081209,1.0,0.0,0.0,0.0
2020,202008,2020-08-12,2020-08-12 10:00:00,2020081210,1.0,0.0,0.0,0.0
2020,202008,2020-08-12,2020-08-12 11:00:00,2020081211,1.0,0.0,0.0,0.0
2020,202008,2020-08-12,2020-08-12 14:00:00,2020081214,1.0,0.0,0.0,0.0
2020,202008,2020-08-12,2020-08-12 15:00:00,2020081215,2.0,1.0,1.0,0.0
2020,202008,2020-08-12,2020-08-12 17:00:00,2020081217,0.0,1.0,1.0,0.0
2020,202008,2020-08-12,2020-08-12 18:00:00,2020081218,1.0,0.0,0.0,0.0
2020,202008,2020-08-12,2020-08-12 19:00:00,2020081219,1.0,0.0,0.0,0.0
2020,202008,2020-08-12,2020-08-12 20:00:00,2020081220,4.0,1.0,1.0,0.0
2020,202008,2020-08-12,2020-08-12 21:00:00,2020081221,3.0,1.0,1.0,0.0
2020,202008,2020-08-12,2020-08-12 22:00:00,2020081222,1.0,0.0,0.0,0.0
2020,202008,2020-08-13,2020-08-13 01:00:00,2020081301,0.0,1.0,1.0,0.0
2020,202008,2020-08-13,2020-08-13 02:00:00,2020081302,0.0,2.0,2.0,1.0
2020,202008,2020-08-13,2020-08-13 03:00:00,2020081303,0.0,1.0,1.0,0.0
2020,202008,2020-08-13,2020-08-13 04:00:00,2020081304,0.0,1.0,1.0,0.0
2020,202008,2020-08-13,2020-08-13 05:00:00,2020081305,1.0,0.0,0.0,0.0
2020,202008,2020-08-13,2020-08-13 08:00:00,2020081308,2.0,0.0,0.0,0.0
2020,202008,2020-08-13,2020-08-13 09:00:00,2020081309,3.0,0.0,0.0,0.0
2020,202008,2020-08-13,2020-08-13 10:00:00,2020081310,1.0,0.0,0.0,0.0
2020,202008,2020-08-13,2020-08-13 14:00:00,2020081314,1.0,1.0,1.0,0.0
2020,202008,2020-08-13,2020-08-13 15:00:00,2020081315,0.0,1.0,1.0,0.0
2020,202008,2020-08-13,2020-08-13 16:00:00,2020081316,1.0,0.0,0.0,0.0
2020,202008,2020-08-13,2020-08-13 21:00:00,2020081321,1.0,0.0,0.0,0.0
2020,202008,2020-08-13,2020-08-13 22:00:00,2020081322,0.0,1.0,1.0,0.0
2020,202008,2020-08-13,2020-08-13 23:00:00,2020081323,1.0,0.0,0.0,0.0
2020,202008,2020-08-14,2020-08-14 05:00:00,2020081405,0.0,1.0,1.0,0.0
2020,202008,2020-08-14,2020-08-14 07:00:00,2020081407,1.0,0.0,0.0,0.0
2020,202008,2020-08-14,2020-08-14 09:00:00,2020081409,2.0,0.0,0.0,0.0
2020,202008,2020-08-14,2020-08-14 10:00:00,2020081410,3.0,0.0,0.0,0.0
2020,202008,2020-08-14,2020-08-14 11:00:00,2020081411,5.0,0.0,0.0,0.0
2020,202008,2020-08-14,2020-08-14 12:00:00,2020081412,3.0,2.0,2.0,1.0
2020,202008,2020-08-14,2020-08-14 13:00:00,2020081413,5.0,0.0,0.0,0.0
2020,202008,2020-08-14,2020-08-14 14:00:00,2020081414,9.0,1.0,1.0,0.0
2020,202008,2020-08-14,2020-08-14 15:00:00,2020081415,10.0,4.0,4.0,0.0
2020,202008,2020-08-14,2020-08-14 16:00:00,2020081416,2.0,3.0,3.0,1.0
2020,202008,2020-08-14,2020-08-14 17:00:00,2020081417,5.0,2.0,1.0,1.0
2020,202008,2020-08-14,2020-08-14 18:00:00,2020081418,1.0,3.0,3.0,1.0
2020,202008,2020-08-14,2020-08-14 19:00:00,2020081419,1.0,2.0,2.0,0.0
2020,202008,2020-08-14,2020-08-14 20:00:00,2020081420,5.0,5.0,4.0,1.0
2020,202008,2020-08-14,2020-08-14 21:00:00,2020081421,4.0,3.0,0.0,2.0
2020,202008,2020-08-14,2020-08-14 22:00:00,2020081422,4.0,0.0,0.0,0.0
2020,202008,2020-08-14,2020-08-14 23:00:00,2020081423,4.0,4.0,3.0,0.0
2020,202008,2020-08-15,2020-08-15 00:00:00,2020081500,1.0,0.0,0.0,0.0
2020,202008,2020-08-15,2020-08-15 01:00:00,2020081501,0.0,1.0,1.0,0.0
2020,202008,2020-08-15,2020-08-15 02:00:00,2020081502,0.0,4.0,4.0,0.0
2020,202008,2020-08-15,2020-08-15 03:00:00,2020081503,0.0,3.0,2.0,1.0
2020,202008,2020-08-15,2020-08-15 04:00:00,2020081504,1.0,2.0,2.0,0.0
2020,202008,2020-08-15,2020-08-15 05:00:00,2020081505,2.0,3.0,2.0,1.0
2020,202008,2020-08-15,2020-08-15 06:00:00,2020081506,2.0,0.0,0.0,0.0
2020,202008,2020-08-15,2020-08-15 07:00:00,2020081507,4.0,0.0,0.0,0.0
2020,202008,2020-08-15,2020-08-15 09:00:00,2020081509,3.0,0.0,0.0,0.0
2020,202008,2020-08-15,2020-08-15 10:00:00,2020081510,0.0,1.0,1.0,0.0
2020,202008,2020-08-15,2020-08-15 11:00:00,2020081511,2.0,1.0,1.0,0.0
2020,202008,2020-08-15,2020-08-15 12:00:00,2020081512,2.0,2.0,2.0,0.0
2020,202008,2020-08-15,2020-08-15 13:00:00,2020081513,1.0,2.0,1.0,0.0
2020,202008,2020-08-15,2020-08-15 15:00:00,2020081515,6.0,1.0,1.0,0.0
2020,202008,2020-08-15,2020-08-15 17:00:00,2020081517,3.0,0.0,0.0,0.0
2020,202008,2020-08-15,2020-08-15 18:00:00,2020081518,3.0,1.0,0.0,1.0
2020,202008,2020-08-15,2020-08-15 19:00:00,2020081519,4.0,0.0,0.0,0.0
2020,202008,2020-08-15,2020-08-15 20:00:00,2020081520,1.0,0.0,0.0,0.0
2020,202008,2020-08-15,2020-08-15 21:00:00,2020081521,1.0,2.0,2.0,0.0
2020,202008,2020-08-15,2020-08-15 22:00:00,2020081522,5.0,0.0,0.0,0.0
2020,202008,2020-08-15,2020-08-15 23:00:00,2020081523,0.0,1.0,1.0,0.0
2020,202008,2020-08-16,2020-08-16 00:00:00,2020081600,0.0,1.0,1.0,0.0
2020,202008,2020-08-16,2020-08-16 01:00:00,2020081601,0.0,2.0,2.0,0.0
2020,202008,2020-08-16,2020-08-16 02:00:00,2020081602,1.0,1.0,1.0,0.0
2020,202008,2020-08-16,2020-08-16 03:00:00,2020081603,1.0,0.0,0.0,0.0
2020,202008,2020-08-16,2020-08-16 04:00:00,2020081604,1.0,3.0,3.0,0.0
2020,202008,2020-08-16,2020-08-16 06:00:00,2020081606,2.0,0.0,0.0,0.0
2020,202008,2020-08-16,2020-08-16 07:00:00,2020081607,3.0,0.0,0.0,0.0
2020,202008,2020-08-16,2020-08-16 08:00:00,2020081608,3.0,0.0,0.0,0.0
2020,202008,2020-08-16,2020-08-16 09:00:00,2020081609,1.0,0.0,0.0,0.0
2020,202008,2020-08-16,2020-08-16 10:00:00,2020081610,1.0,0.0,0.0,0.0
2020,202008,2020-08-16,2020-08-16 11:00:00,2020081611,1.0,0.0,0.0,0.0
2020,202008,2020-08-16,2020-08-16 12:00:00,2020081612,2.0,1.0,1.0,0.0
2020,202008,2020-08-16,2020-08-16 13:00:00,2020081613,0.0,2.0,2.0,0.0
2020,202008,2020-08-16,2020-08-16 14:00:00,2020081614,3.0,2.0,1.0,1.0
2020,202008,2020-08-16,2020-08-16 15:00:00,2020081615,5.0,2.0,2.0,0.0
2020,202008,2020-08-16,2020-08-16 16:00:00,2020081616,2.0,1.0,1.0,0.0
2020,202008,2020-08-16,2020-08-16 17:00:00,2020081617,5.0,0.0,0.0,0.0
2020,202008,2020-08-16,2020-08-16 18:00:00,2020081618,1.0,0.0,0.0,0.0
2020,202008,2020-08-16,2020-08-16 19:00:00,2020081619,2.0,0.0,0.0,0.0
2020,202008,2020-08-16,2020-08-16 20:00:00,2020081620,4.0,1.0,1.0,0.0
2020,202008,2020-08-16,2020-08-16 21:00:00,2020081621,5.0,2.0,2.0,0.0
2020,202008,2020-08-16,2020-08-16 22:00:00,2020081622,2.0,2.0,2.0,0.0
2020,202008,2020-08-16,2020-08-16 23:00:00,2020081623,1.0,5.0,5.0,0.0
2020,202008,2020-08-17,2020-08-17 00:00:00,2020081700,2.0,0.0,0.0,0.0
2020,202008,2020-08-17,2020-08-17 01:00:00,2020081701,1.0,2.0,2.0,0.0
2020,202008,2020-08-17,2020-08-17 02:00:00,2020081702,0.0,2.0,1.0,0.0
2020,202008,2020-08-17,2020-08-17 03:00:00,2020081703,0.0,2.0,1.0,0.0
2020,202008,2020-08-17,2020-08-17 04:00:00,2020081704,0.0,1.0,0.0,1.0
2020,202008,2020-08-17,2020-08-17 06:00:00,2020081706,3.0,2.0,2.0,0.0
2020,202008,2020-08-17,2020-08-17 07:00:00,2020081707,3.0,1.0,1.0,0.0
2020,202008,2020-08-17,2020-08-17 08:00:00,2020081708,3.0,0.0,0.0,0.0
2020,202008,2020-08-17,2020-08-17 09:00:00,2020081709,1.0,0.0,0.0,0.0
2020,202008,2020-08-17,2020-08-17 10:00:00,2020081710,5.0,0.0,0.0,0.0
2020,202008,2020-08-17,2020-08-17 12:00:00,2020081712,2.0,1.0,1.0,0.0
2020,202008,2020-08-17,2020-08-17 13:00:00,2020081713,5.0,1.0,1.0,0.0
2020,202008,2020-08-17,2020-08-17 14:00:00,2020081714,2.0,2.0,1.0,1.0
2020,202008,2020-08-17,2020-08-17 15:00:00,2020081715,2.0,0.0,0.0,0.0
2020,202008,2020-08-17,2020-08-17 16:00:00,2020081716,0.0,3.0,2.0,0.0
2020,202008,2020-08-17,2020-08-17 17:00:00,2020081717,8.0,0.0,0.0,0.0
2020,202008,2020-08-17,2020-08-17 18:00:00,2020081718,10.0,1.0,1.0,0.0
2020,202008,2020-08-17,2020-08-17 19:00:00,2020081719,6.0,2.0,2.0,0.0
2020,202008,2020-08-17,2020-08-17 20:00:00,2020081720,13.0,1.0,0.0,1.0
2020,202008,2020-08-17,2020-08-17 21:00:00,2020081721,5.0,3.0,3.0,0.0
2020,202008,2020-08-17,2020-08-17 22:00:00,2020081722,5.0,1.0,1.0,1.0
2020,202008,2020-08-17,2020-08-17 23:00:00,2020081723,1.0,8.0,8.0,0.0
2020,202008,2020-08-18,2020-08-18 00:00:00,2020081800,0.0,5.0,5.0,1.0
2020,202008,2020-08-18,2020-08-18 01:00:00,2020081801,0.0,3.0,3.0,0.0
2020,202008,2020-08-18,2020-08-18 02:00:00,2020081802,0.0,9.0,7.0,0.0
2020,202008,2020-08-18,2020-08-18 03:00:00,2020081803,0.0,4.0,3.0,0.0
2020,202008,2020-08-18,2020-08-18 04:00:00,2020081804,0.0,3.0,2.0,0.0
2020,202008,2020-08-18,2020-08-18 05:00:00,2020081805,0.0,1.0,1.0,0.0
2020,202008,2020-08-18,2020-08-18 06:00:00,2020081806,3.0,0.0,0.0,0.0
2020,202008,2020-08-18,2020-08-18 07:00:00,2020081807,3.0,0.0,0.0,0.0
2020,202008,2020-08-18,2020-08-18 08:00:00,2020081808,1.0,0.0,0.0,0.0
2020,202008,2020-08-18,2020-08-18 09:00:00,2020081809,6.0,0.0,0.0,0.0
2020,202008,2020-08-18,2020-08-18 10:00:00,2020081810,2.0,0.0,0.0,0.0
2020,202008,2020-08-18,2020-08-18 11:00:00,2020081811,3.0,0.0,0.0,0.0
2020,202008,2020-08-18,2020-08-18 12:00:00,2020081812,4.0,2.0,1.0,0.0
2020,202008,2020-08-18,2020-08-18 13:00:00,2020081813,5.0,3.0,3.0,0.0
2020,202008,2020-08-18,2020-08-18 14:00:00,2020081814,1.0,1.0,0.0,0.0
2020,202008,2020-08-18,2020-08-18 15:00:00,2020081815,0.0,4.0,4.0,0.0
2020,202008,2020-08-18,2020-08-18 16:00:00,2020081816,1.0,1.0,1.0,0.0
2020,202008,2020-08-18,2020-08-18 17:00:00,2020081817,1.0,1.0,1.0,0.0
2020,202008,2020-08-18,2020-08-18 18:00:00,2020081818,1.0,2.0,2.0,0.0
2020,202008,2020-08-18,2020-08-18 19:00:00,2020081819,1.0,2.0,1.0,0.0
2020,202008,2020-08-18,2020-08-18 20:00:00,2020081820,3.0,1.0,1.0,0.0
2020,202008,2020-08-18,2020-08-18 21:00:00,2020081821,2.0,0.0,0.0,0.0
2020,202008,2020-08-18,2020-08-18 22:00:00,2020081822,1.0,0.0,0.0,0.0
2020,202008,2020-08-18,2020-08-18 23:00:00,2020081823,0.0,1.0,0.0,0.0
2020,202008,2020-08-19,2020-08-19 00:00:00,2020081900,2.0,0.0,0.0,0.0
2020,202008,2020-08-19,2020-08-19 01:00:00,2020081901,2.0,0.0,0.0,0.0
2020,202008,2020-08-19,2020-08-19 02:00:00,2020081902,0.0,2.0,2.0,0.0
2020,202008,2020-08-19,2020-08-19 04:00:00,2020081904,0.0,1.0,1.0,0.0
2020,202008,2020-08-19,2020-08-19 06:00:00,2020081906,3.0,1.0,1.0,0.0
2020,202008,2020-08-19,2020-08-19 07:00:00,2020081907,0.0,1.0,1.0,0.0
2020,202008,2020-08-19,2020-08-19 08:00:00,2020081908,1.0,0.0,0.0,0.0
2020,202008,2020-08-19,2020-08-19 09:00:00,2020081909,2.0,0.0,0.0,0.0
2020,202008,2020-08-19,2020-08-19 10:00:00,2020081910,2.0,0.0,0.0,0.0
2020,202008,2020-08-19,2020-08-19 11:00:00,2020081911,2.0,1.0,0.0,0.0
2020,202008,2020-08-19,2020-08-19 12:00:00,2020081912,7.0,2.0,2.0,0.0
2020,202008,2020-08-19,2020-08-19 13:00:00,2020081913,1.0,1.0,0.0,0.0
2020,202008,2020-08-19,2020-08-19 15:00:00,2020081915,1.0,1.0,1.0,0.0
2020,202008,2020-08-19,2020-08-19 16:00:00,2020081916,1.0,0.0,0.0,0.0
2020,202008,2020-08-19,2020-08-19 17:00:00,2020081917,0.0,2.0,1.0,0.0
2020,202008,2020-08-19,2020-08-19 18:00:00,2020081918,0.0,3.0,3.0,1.0
2020,202008,2020-08-19,2020-08-19 19:00:00,2020081919,0.0,1.0,1.0,0.0
2020,202008,2020-08-19,2020-08-19 20:00:00,2020081920,1.0,0.0,0.0,0.0
2020,202008,2020-08-19,2020-08-19 21:00:00,2020081921,2.0,1.0,1.0,0.0
2020,202008,2020-08-19,2020-08-19 22:00:00,2020081922,0.0,1.0,1.0,0.0
2020,202008,2020-08-20,2020-08-20 00:00:00,2020082000,1.0,0.0,0.0,0.0
2020,202008,2020-08-20,2020-08-20 01:00:00,2020082001,1.0,0.0,0.0,0.0
2020,202008,2020-08-20,2020-08-20 02:00:00,2020082002,0.0,1.0,1.0,0.0
2020,202008,2020-08-20,2020-08-20 03:00:00,2020082003,0.0,1.0,1.0,0.0
2020,202008,2020-08-20,2020-08-20 04:00:00,2020082004,0.0,1.0,1.0,0.0
2020,202008,2020-08-20,2020-08-20 07:00:00,2020082007,1.0,0.0,0.0,0.0
2020,202008,2020-08-20,2020-08-20 08:00:00,2020082008,2.0,0.0,0.0,0.0
2020,202008,2020-08-20,2020-08-20 09:00:00,2020082009,1.0,1.0,0.0,1.0
2020,202008,2020-08-20,2020-08-20 14:00:00,2020082014,2.0,0.0,0.0,0.0
2020,202008,2020-08-20,2020-08-20 15:00:00,2020082015,0.0,1.0,1.0,1.0
2020,202008,2020-08-20,2020-08-20 20:00:00,2020082020,1.0,1.0,1.0,0.0
2020,202008,2020-08-21,2020-08-21 00:00:00,2020082100,1.0,0.0,0.0,0.0
2020,202008,2020-08-21,2020-08-21 02:00:00,2020082102,0.0,1.0,1.0,0.0
2020,202008,2020-08-21,2020-08-21 06:00:00,2020082106,0.0,1.0,1.0,0.0
2020,202008,2020-08-21,2020-08-21 08:00:00,2020082108,3.0,0.0,0.0,0.0
2020,202008,2020-08-21,2020-08-21 09:00:00,2020082109,2.0,0.0,0.0,0.0
2020,202008,2020-08-21,2020-08-21 10:00:00,2020082110,1.0,0.0,0.0,0.0
2020,202008,2020-08-21,2020-08-21 11:00:00,2020082111,3.0,0.0,0.0,0.0
2020,202008,2020-08-21,2020-08-21 12:00:00,2020082112,3.0,0.0,0.0,0.0
2020,202008,2020-08-21,2020-08-21 13:00:00,2020082113,1.0,0.0,0.0,0.0
2020,202008,2020-08-21,2020-08-21 14:00:00,2020082114,0.0,1.0,1.0,0.0
2020,202008,2020-08-21,2020-08-21 15:00:00,2020082115,1.0,0.0,0.0,0.0
2020,202008,2020-08-21,2020-08-21 16:00:00,2020082116,1.0,1.0,1.0,0.0
2020,202008,2020-08-21,2020-08-21 17:00:00,2020082117,0.0,1.0,1.0,0.0
2020,202008,2020-08-21,2020-08-21 18:00:00,2020082118,0.0,2.0,1.0,1.0
2020,202008,2020-08-21,2020-08-21 19:00:00,2020082119,1.0,1.0,1.0,0.0
2020,202008,2020-08-21,2020-08-21 21:00:00,2020082121,1.0,0.0,0.0,0.0
2020,202008,2020-08-21,2020-08-21 22:00:00,2020082122,3.0,1.0,1.0,1.0
2020,202008,2020-08-21,2020-08-21 23:00:00,2020082123,1.0,0.0,0.0,0.0
2020,202008,2020-08-22,2020-08-22 03:00:00,2020082203,0.0,1.0,1.0,0.0
2020,202008,2020-08-22,2020-08-22 04:00:00,2020082204,0.0,3.0,3.0,0.0
2020,202008,2020-08-22,2020-08-22 05:00:00,2020082205,0.0,1.0,1.0,0.0
2020,202008,2020-08-22,2020-08-22 07:00:00,2020082207,1.0,0.0,0.0,0.0
2020,202008,2020-08-22,2020-08-22 08:00:00,2020082208,1.0,0.0,0.0,0.0
2020,202008,2020-08-22,2020-08-22 11:00:00,2020082211,1.0,0.0,0.0,0.0
2020,202008,2020-08-22,2020-08-22 12:00:00,2020082212,1.0,0.0,0.0,0.0
2020,202008,2020-08-22,2020-08-22 13:00:00,2020082213,0.0,1.0,1.0,0.0
2020,202008,2020-08-22,2020-08-22 14:00:00,2020082214,1.0,0.0,0.0,0.0
2020,202008,2020-08-22,2020-08-22 17:00:00,2020082217,1.0,1.0,1.0,0.0
2020,202008,2020-08-22,2020-08-22 18:00:00,2020082218,1.0,1.0,1.0,0.0
2020,202008,2020-08-22,2020-08-22 19:00:00,2020082219,1.0,0.0,0.0,0.0
2020,202008,2020-08-22,2020-08-22 20:00:00,2020082220,0.0,1.0,1.0,0.0
2020,202008,2020-08-22,2020-08-22 23:00:00,2020082223,0.0,1.0,1.0,0.0
2020,202008,2020-08-23,2020-08-23 00:00:00,2020082300,0.0,1.0,1.0,0.0
2020,202008,2020-08-23,2020-08-23 06:00:00,2020082306,2.0,0.0,0.0,0.0
2020,202008,2020-08-23,2020-08-23 09:00:00,2020082309,1.0,0.0,0.0,0.0
2020,202008,2020-08-23,2020-08-23 12:00:00,2020082312,0.0,1.0,1.0,0.0
2020,202008,2020-08-23,2020-08-23 14:00:00,2020082314,3.0,0.0,0.0,0.0
2020,202008,2020-08-23,2020-08-23 15:00:00,2020082315,0.0,1.0,1.0,0.0
2020,202008,2020-08-23,2020-08-23 16:00:00,2020082316,1.0,0.0,0.0,0.0
2020,202008,2020-08-23,2020-08-23 20:00:00,2020082320,0.0,3.0,2.0,1.0
2020,202008,2020-08-23,2020-08-23 22:00:00,2020082322,0.0,1.0,1.0,1.0
2020,202008,2020-08-23,2020-08-23 23:00:00,2020082323,1.0,0.0,0.0,0.0
2020,202008,2020-08-24,2020-08-24 00:00:00,2020082400,1.0,0.0,0.0,0.0
2020,202008,2020-08-24,2020-08-24 05:00:00,2020082405,0.0,1.0,1.0,0.0
2020,202008,2020-08-24,2020-08-24 06:00:00,2020082406,0.0,1.0,1.0,0.0
2020,202008,2020-08-24,2020-08-24 12:00:00,2020082412,1.0,0.0,0.0,0.0
2020,202008,2020-08-24,2020-08-24 13:00:00,2020082413,1.0,0.0,0.0,0.0
2020,202008,2020-08-24,2020-08-24 14:00:00,2020082414,1.0,0.0,0.0,0.0
2020,202008,2020-08-24,2020-08-24 15:00:00,2020082415,1.0,0.0,0.0,0.0
2020,202008,2020-08-24,2020-08-24 16:00:00,2020082416,4.0,0.0,0.0,0.0
2020,202008,2020-08-24,2020-08-24 17:00:00,2020082417,3.0,0.0,0.0,0.0
2020,202008,2020-08-24,2020-08-24 18:00:00,2020082418,1.0,1.0,1.0,0.0
2020,202008,2020-08-24,2020-08-24 19:00:00,2020082419,3.0,0.0,0.0,0.0
2020,202008,2020-08-24,2020-08-24 21:00:00,2020082421,3.0,1.0,1.0,0.0
2020,202008,2020-08-24,2020-08-24 22:00:00,2020082422,0.0,2.0,2.0,0.0
2020,202008,2020-08-24,2020-08-24 23:00:00,2020082423,0.0,1.0,0.0,1.0
2020,202008,2020-08-25,2020-08-25 00:00:00,2020082500,1.0,1.0,1.0,0.0
2020,202008,2020-08-25,2020-08-25 01:00:00,2020082501,0.0,1.0,1.0,0.0
2020,202008,2020-08-25,2020-08-25 03:00:00,2020082503,0.0,1.0,1.0,1.0
2020,202008,2020-08-25,2020-08-25 09:00:00,2020082509,1.0,0.0,0.0,0.0
2020,202008,2020-08-25,2020-08-25 10:00:00,2020082510,3.0,0.0,0.0,0.0
2020,202008,2020-08-25,2020-08-25 14:00:00,2020082514,1.0,0.0,0.0,0.0
2020,202008,2020-08-25,2020-08-25 16:00:00,2020082516,0.0,1.0,1.0,0.0
2020,202008,2020-08-25,2020-08-25 18:00:00,2020082518,4.0,0.0,0.0,0.0
2020,202008,2020-08-25,2020-08-25 19:00:00,2020082519,1.0,0.0,0.0,0.0
2020,202008,2020-08-25,2020-08-25 20:00:00,2020082520,0.0,1.0,1.0,0.0
2020,202008,2020-08-26,2020-08-26 11:00:00,2020082611,1.0,0.0,0.0,0.0
2020,202008,2020-08-26,2020-08-26 15:00:00,2020082615,1.0,0.0,0.0,0.0
2020,202008,2020-08-26,2020-08-26 17:00:00,2020082617,0.0,1.0,1.0,0.0
2020,202008,2020-08-26,2020-08-26 19:00:00,2020082619,1.0,0.0,0.0,0.0
2020,202008,2020-08-26,2020-08-26 20:00:00,2020082620,1.0,0.0,0.0,0.0
2020,202008,2020-08-26,2020-08-26 21:00:00,2020082621,0.0,1.0,1.0,0.0
2020,202008,2020-08-26,2020-08-26 22:00:00,2020082622,1.0,0.0,0.0,0.0
2020,202008,2020-08-26,2020-08-26 23:00:00,2020082623,1.0,0.0,0.0,0.0
2020,202008,2020-08-27,2020-08-27 01:00:00,2020082701,0.0,1.0,1.0,0.0
2020,202008,2020-08-27,2020-08-27 07:00:00,2020082707,1.0,0.0,0.0,0.0
2020,202008,2020-08-27,2020-08-27 08:00:00,2020082708,1.0,0.0,0.0,0.0
2020,202008,2020-08-27,2020-08-27 10:00:00,2020082710,2.0,0.0,0.0,0.0
2020,202008,2020-08-27,2020-08-27 12:00:00,2020082712,1.0,0.0,0.0,0.0
2020,202008,2020-08-27,2020-08-27 13:00:00,2020082713,0.0,1.0,1.0,0.0
2020,202008,2020-08-27,2020-08-27 14:00:00,2020082714,3.0,0.0,0.0,0.0
2020,202008,2020-08-27,2020-08-27 18:00:00,2020082718,5.0,0.0,0.0,0.0
2020,202008,2020-08-27,2020-08-27 19:00:00,2020082719,1.0,1.0,1.0,0.0
2020,202008,2020-08-27,2020-08-27 20:00:00,2020082720,0.0,1.0,0.0,0.0
2020,202008,2020-08-28,2020-08-28 00:00:00,2020082800,0.0,3.0,3.0,0.0
2020,202008,2020-08-28,2020-08-28 01:00:00,2020082801,0.0,1.0,1.0,0.0
2020,202008,2020-08-28,2020-08-28 07:00:00,2020082807,1.0,0.0,0.0,0.0
2020,202008,2020-08-28,2020-08-28 09:00:00,2020082809,2.0,0.0,0.0,0.0
2020,202008,2020-08-28,2020-08-28 10:00:00,2020082810,2.0,0.0,0.0,0.0
2020,202008,2020-08-28,2020-08-28 11:00:00,2020082811,2.0,1.0,1.0,0.0
2020,202008,2020-08-28,2020-08-28 12:00:00,2020082812,4.0,0.0,0.0,0.0
2020,202008,2020-08-28,2020-08-28 13:00:00,2020082813,2.0,1.0,0.0,0.0
2020,202008,2020-08-28,2020-08-28 14:00:00,2020082814,1.0,0.0,0.0,0.0
2020,202008,2020-08-28,2020-08-28 15:00:00,2020082815,2.0,1.0,1.0,0.0
2020,202008,2020-08-28,2020-08-28 16:00:00,2020082816,2.0,1.0,0.0,0.0
2020,202008,2020-08-28,2020-08-28 17:00:00,2020082817,0.0,1.0,1.0,0.0
2020,202008,2020-08-28,2020-08-28 18:00:00,2020082818,14.0,2.0,2.0,0.0
2020,202008,2020-08-28,2020-08-28 19:00:00,2020082819,19.0,3.0,2.0,0.0
2020,202008,2020-08-28,2020-08-28 20:00:00,2020082820,49.0,4.0,1.0,1.0
2020,202008,2020-08-28,2020-08-28 21:00:00,2020082821,39.0,5.0,4.0,1.0
2020,202008,2020-08-28,2020-08-28 22:00:00,2020082822,25.0,4.0,3.0,0.0
2020,202008,2020-08-28,2020-08-28 23:00:00,2020082823,28.0,1.0,1.0,0.0
2020,202008,2020-08-29,2020-08-29 00:00:00,2020082900,15.0,6.0,4.0,0.0
2020,202008,2020-08-29,2020-08-29 01:00:00,2020082901,7.0,11.0,10.0,0.0
2020,202008,2020-08-29,2020-08-29 02:00:00,2020082902,2.0,30.0,27.0,0.0
2020,202008,2020-08-29,2020-08-29 03:00:00,2020082903,3.0,28.0,22.0,2.0
2020,202008,2020-08-29,2020-08-29 04:00:00,2020082904,1.0,17.0,14.0,0.0
2020,202008,2020-08-29,2020-08-29 05:00:00,2020082905,10.0,20.0,16.0,0.0
2020,202008,2020-08-29,2020-08-29 06:00:00,2020082906,12.0,11.0,9.0,0.0
2020,202008,2020-08-29,2020-08-29 07:00:00,2020082907,20.0,5.0,5.0,0.0
2020,202008,2020-08-29,2020-08-29 08:00:00,2020082908,17.0,1.0,1.0,0.0
2020,202008,2020-08-29,2020-08-29 09:00:00,2020082909,22.0,4.0,4.0,0.0
2020,202008,2020-08-29,2020-08-29 10:00:00,2020082910,22.0,0.0,0.0,0.0
2020,202008,2020-08-29,2020-08-29 11:00:00,2020082911,12.0,10.0,9.0,0.0
2020,202008,2020-08-29,2020-08-29 12:00:00,2020082912,9.0,11.0,10.0,0.0
2020,202008,2020-08-29,2020-08-29 13:00:00,2020082913,10.0,11.0,10.0,0.0
2020,202008,2020-08-29,2020-08-29 14:00:00,2020082914,15.0,10.0,8.0,0.0
2020,202008,2020-08-29,2020-08-29 15:00:00,2020082915,11.0,16.0,13.0,1.0
2020,202008,2020-08-29,2020-08-29 16:00:00,2020082916,11.0,14.0,13.0,0.0
2020,202008,2020-08-29,2020-08-29 17:00:00,2020082917,10.0,5.0,4.0,1.0
2020,202008,2020-08-29,2020-08-29 18:00:00,2020082918,14.0,6.0,6.0,0.0
2020,202008,2020-08-29,2020-08-29 19:00:00,2020082919,21.0,6.0,6.0,0.0
2020,202008,2020-08-29,2020-08-29 20:00:00,2020082920,14.0,7.0,6.0,0.0
2020,202008,2020-08-29,2020-08-29 21:00:00,2020082921,14.0,10.0,9.0,0.0
2020,202008,2020-08-29,2020-08-29 22:00:00,2020082922,12.0,7.0,7.0,0.0
2020,202008,2020-08-29,2020-08-29 23:00:00,2020082923,8.0,7.0,5.0,0.0
2020,202008,2020-08-30,2020-08-30 00:00:00,2020083000,5.0,11.0,10.0,0.0
2020,202008,2020-08-30,2020-08-30 01:00:00,2020083001,6.0,11.0,10.0,1.0
2020,202008,2020-08-30,2020-08-30 02:00:00,2020083002,1.0,5.0,5.0,0.0
2020,202008,2020-08-30,2020-08-30 03:00:00,2020083003,1.0,6.0,6.0,0.0
2020,202008,2020-08-30,2020-08-30 04:00:00,2020083004,1.0,7.0,6.0,0.0
2020,202008,2020-08-30,2020-08-30 05:00:00,2020083005,3.0,5.0,4.0,0.0
2020,202008,2020-08-30,2020-08-30 06:00:00,2020083006,9.0,4.0,4.0,0.0
2020,202008,2020-08-30,2020-08-30 07:00:00,2020083007,9.0,5.0,5.0,0.0
2020,202008,2020-08-30,2020-08-30 08:00:00,2020083008,12.0,1.0,1.0,0.0
2020,202008,2020-08-30,2020-08-30 09:00:00,2020083009,19.0,0.0,0.0,0.0
2020,202008,2020-08-30,2020-08-30 10:00:00,2020083010,8.0,3.0,1.0,0.0
2020,202008,2020-08-30,2020-08-30 11:00:00,2020083011,11.0,1.0,0.0,0.0
2020,202008,2020-08-30,2020-08-30 12:00:00,2020083012,9.0,6.0,6.0,1.0
2020,202008,2020-08-30,2020-08-30 13:00:00,2020083013,14.0,5.0,5.0,0.0
2020,202008,2020-08-30,2020-08-30 14:00:00,2020083014,9.0,7.0,7.0,0.0
2020,202008,2020-08-30,2020-08-30 15:00:00,2020083015,13.0,13.0,10.0,2.0
2020,202008,2020-08-30,2020-08-30 16:00:00,2020083016,11.0,5.0,4.0,0.0
2020,202008,2020-08-30,2020-08-30 17:00:00,2020083017,7.0,5.0,5.0,0.0
2020,202008,2020-08-30,2020-08-30 18:00:00,2020083018,13.0,4.0,4.0,0.0
2020,202008,2020-08-30,2020-08-30 19:00:00,2020083019,7.0,6.0,6.0,0.0
2020,202008,2020-08-30,2020-08-30 20:00:00,2020083020,12.0,5.0,5.0,0.0
2020,202008,2020-08-30,2020-08-30 21:00:00,2020083021,15.0,6.0,6.0,0.0
2020,202008,2020-08-30,2020-08-30 22:00:00,2020083022,12.0,7.0,5.0,2.0
2020,202008,2020-08-30,2020-08-30 23:00:00,2020083023,8.0,5.0,4.0,0.0
2020,202008,2020-08-31,2020-08-31 00:00:00,2020083100,5.0,5.0,4.0,0.0
2020,202008,2020-08-31,2020-08-31 01:00:00,2020083101,2.0,1.0,1.0,0.0
2020,202008,2020-08-31,2020-08-31 02:00:00,2020083102,2.0,8.0,8.0,0.0
2020,202008,2020-08-31,2020-08-31 03:00:00,2020083103,3.0,8.0,7.0,1.0
2020,202008,2020-08-31,2020-08-31 04:00:00,2020083104,0.0,5.0,4.0,0.0
2020,202008,2020-08-31,2020-08-31 05:00:00,2020083105,2.0,5.0,5.0,0.0
2020,202008,2020-08-31,2020-08-31 06:00:00,2020083106,9.0,5.0,5.0,0.0
2020,202008,2020-08-31,2020-08-31 07:00:00,2020083107,8.0,0.0,0.0,0.0
2020,202008,2020-08-31,2020-08-31 08:00:00,2020083108,7.0,2.0,2.0,0.0
2020,202008,2020-08-31,2020-08-31 09:00:00,2020083109,6.0,0.0,0.0,0.0
2020,202008,2020-08-31,2020-08-31 10:00:00,2020083110,7.0,0.0,0.0,0.0
2020,202008,2020-08-31,2020-08-31 11:00:00,2020083111,4.0,1.0,1.0,0.0
2020,202008,2020-08-31,2020-08-31 12:00:00,2020083112,10.0,6.0,6.0,0.0
2020,202008,2020-08-31,2020-08-31 13:00:00,2020083113,13.0,5.0,4.0,0.0
2020,202008,2020-08-31,2020-08-31 14:00:00,2020083114,3.0,6.0,5.0,0.0
2020,202008,2020-08-31,2020-08-31 15:00:00,2020083115,8.0,4.0,3.0,0.0
2020,202008,2020-08-31,2020-08-31 16:00:00,2020083116,9.0,4.0,2.0,0.0
2020,202008,2020-08-31,2020-08-31 17:00:00,2020083117,4.0,3.0,2.0,0.0
2020,202008,2020-08-31,2020-08-31 18:00:00,2020083118,8.0,4.0,3.0,0.0
2020,202008,2020-08-31,2020-08-31 19:00:00,2020083119,16.0,7.0,6.0,2.0
2020,202008,2020-08-31,2020-08-31 20:00:00,2020083120,7.0,3.0,2.0,0.0
2020,202008,2020-08-31,2020-08-31 21:00:00,2020083121,8.0,4.0,3.0,1.0
2020,202008,2020-08-31,2020-08-31 22:00:00,2020083122,11.0,7.0,6.0,0.0
2020,202008,2020-08-31,2020-08-31 23:00:00,2020083123,1.0,2.0,2.0,0.0
2020,202009,2020-09-01,2020-09-01 00:00:00,2020090100,0.0,5.0,4.0,0.0
2020,202009,2020-09-01,2020-09-01 01:00:00,2020090101,0.0,10.0,10.0,0.0
2020,202009,2020-09-01,2020-09-01 02:00:00,2020090102,0.0,4.0,4.0,0.0
2020,202009,2020-09-01,2020-09-01 03:00:00,2020090103,0.0,6.0,6.0,0.0
2020,202009,2020-09-01,2020-09-01 04:00:00,2020090104,0.0,6.0,6.0,1.0
2020,202009,2020-09-01,2020-09-01 05:00:00,2020090105,1.0,1.0,1.0,0.0
2020,202009,2020-09-01,2020-09-01 06:00:00,2020090106,1.0,1.0,0.0,1.0
2020,202009,2020-09-01,2020-09-01 07:00:00,2020090107,0.0,1.0,0.0,0.0
2020,202009,2020-09-01,2020-09-01 08:00:00,2020090108,2.0,0.0,0.0,0.0
2020,202009,2020-09-01,2020-09-01 09:00:00,2020090109,5.0,1.0,0.0,0.0
2020,202009,2020-09-01,2020-09-01 10:00:00,2020090110,1.0,0.0,0.0,0.0
2020,202009,2020-09-01,2020-09-01 11:00:00,2020090111,6.0,0.0,0.0,0.0
2020,202009,2020-09-01,2020-09-01 12:00:00,2020090112,4.0,2.0,1.0,0.0
2020,202009,2020-09-01,2020-09-01 13:00:00,2020090113,2.0,0.0,0.0,0.0
2020,202009,2020-09-01,2020-09-01 14:00:00,2020090114,4.0,0.0,0.0,0.0
2020,202009,2020-09-01,2020-09-01 15:00:00,2020090115,2.0,2.0,2.0,0.0
2020,202009,2020-09-01,2020-09-01 16:00:00,2020090116,0.0,1.0,1.0,1.0
2020,202009,2020-09-01,2020-09-01 17:00:00,2020090117,2.0,1.0,1.0,0.0
2020,202009,2020-09-01,2020-09-01 18:00:00,2020090118,3.0,4.0,2.0,1.0
2020,202009,2020-09-01,2020-09-01 19:00:00,2020090119,4.0,1.0,1.0,0.0
2020,202009,2020-09-01,2020-09-01 20:00:00,2020090120,3.0,3.0,2.0,1.0
2020,202009,2020-09-01,2020-09-01 21:00:00,2020090121,0.0,2.0,1.0,1.0
2020,202009,2020-09-01,2020-09-01 23:00:00,2020090123,0.0,1.0,1.0,0.0
2020,202009,2020-09-02,2020-09-02 00:00:00,2020090200,0.0,1.0,0.0,1.0
2020,202009,2020-09-02,2020-09-02 01:00:00,2020090201,1.0,1.0,0.0,1.0
2020,202009,2020-09-02,2020-09-02 02:00:00,2020090202,2.0,1.0,1.0,0.0
2020,202009,2020-09-02,2020-09-02 06:00:00,2020090206,1.0,0.0,0.0,0.0
2020,202009,2020-09-02,2020-09-02 07:00:00,2020090207,1.0,0.0,0.0,0.0
2020,202009,2020-09-02,2020-09-02 08:00:00,2020090208,2.0,0.0,0.0,0.0
2020,202009,2020-09-02,2020-09-02 11:00:00,2020090211,2.0,0.0,0.0,0.0
2020,202009,2020-09-02,2020-09-02 12:00:00,2020090212,2.0,0.0,0.0,0.0
2020,202009,2020-09-02,2020-09-02 13:00:00,2020090213,2.0,1.0,1.0,0.0
2020,202009,2020-09-02,2020-09-02 14:00:00,2020090214,3.0,1.0,0.0,0.0
2020,202009,2020-09-02,2020-09-02 15:00:00,2020090215,2.0,1.0,0.0,0.0
2020,202009,2020-09-02,2020-09-02 16:00:00,2020090216,1.0,0.0,0.0,0.0
2020,202009,2020-09-02,2020-09-02 18:00:00,2020090218,1.0,1.0,1.0,0.0
2020,202009,2020-09-02,2020-09-02 19:00:00,2020090219,1.0,0.0,0.0,0.0
2020,202009,2020-09-02,2020-09-02 20:00:00,2020090220,1.0,2.0,1.0,0.0
2020,202009,2020-09-02,2020-09-02 21:00:00,2020090221,1.0,0.0,0.0,0.0
2020,202009,2020-09-03,2020-09-03 00:00:00,2020090300,0.0,1.0,1.0,0.0
2020,202009,2020-09-03,2020-09-03 03:00:00,2020090303,0.0,1.0,1.0,0.0
2020,202009,2020-09-03,2020-09-03 04:00:00,2020090304,1.0,0.0,0.0,0.0
2020,202009,2020-09-03,2020-09-03 08:00:00,2020090308,1.0,0.0,0.0,0.0
2020,202009,2020-09-03,2020-09-03 09:00:00,2020090309,1.0,0.0,0.0,0.0
2020,202009,2020-09-03,2020-09-03 10:00:00,2020090310,23.0,1.0,0.0,0.0
2020,202009,2020-09-03,2020-09-03 11:00:00,2020090311,45.0,2.0,0.0,0.0
2020,202009,2020-09-03,2020-09-03 12:00:00,2020090312,23.0,5.0,5.0,1.0
2020,202009,2020-09-03,2020-09-03 13:00:00,2020090313,9.0,2.0,2.0,0.0
2020,202009,2020-09-03,2020-09-03 14:00:00,2020090314,2.0,0.0,0.0,0.0
2020,202009,2020-09-03,2020-09-03 15:00:00,2020090315,8.0,0.0,0.0,0.0
2020,202009,2020-09-03,2020-09-03 16:00:00,2020090316,12.0,18.0,15.0,1.0
2020,202009,2020-09-03,2020-09-03 17:00:00,2020090317,10.0,35.0,33.0,2.0
2020,202009,2020-09-03,2020-09-03 18:00:00,2020090318,14.0,13.0,13.0,0.0
2020,202009,2020-09-03,2020-09-03 19:00:00,2020090319,6.0,10.0,8.0,1.0
2020,202009,2020-09-03,2020-09-03 20:00:00,2020090320,5.0,2.0,1.0,0.0
2020,202009,2020-09-03,2020-09-03 21:00:00,2020090321,10.0,6.0,5.0,0.0
2020,202009,2020-09-03,2020-09-03 22:00:00,2020090322,1.0,10.0,8.0,0.0
2020,202009,2020-09-03,2020-09-03 23:00:00,2020090323,4.0,6.0,4.0,0.0
2020,202009,2020-09-04,2020-09-04 00:00:00,2020090400,3.0,9.0,6.0,1.0
2020,202009,2020-09-04,2020-09-04 01:00:00,2020090401,1.0,2.0,1.0,0.0
2020,202009,2020-09-04,2020-09-04 02:00:00,2020090402,2.0,5.0,4.0,0.0
2020,202009,2020-09-04,2020-09-04 03:00:00,2020090403,0.0,7.0,6.0,0.0
2020,202009,2020-09-04,2020-09-04 05:00:00,2020090405,0.0,3.0,3.0,0.0
2020,202009,2020-09-04,2020-09-04 06:00:00,2020090406,3.0,2.0,2.0,0.0
2020,202009,2020-09-04,2020-09-04 07:00:00,2020090407,13.0,1.0,1.0,0.0
2020,202009,2020-09-04,2020-09-04 08:00:00,2020090408,12.0,2.0,0.0,0.0
2020,202009,2020-09-04,2020-09-04 09:00:00,2020090409,5.0,0.0,0.0,0.0
2020,202009,2020-09-04,2020-09-04 10:00:00,2020090410,26.0,0.0,0.0,0.0
2020,202009,2020-09-04,2020-09-04 11:00:00,2020090411,9.0,2.0,1.0,0.0
2020,202009,2020-09-04,2020-09-04 12:00:00,2020090412,12.0,1.0,1.0,0.0
2020,202009,2020-09-04,2020-09-04 13:00:00,2020090413,8.0,6.0,4.0,1.0
2020,202009,2020-09-04,2020-09-04 14:00:00,2020090414,8.0,6.0,5.0,0.0
2020,202009,2020-09-04,2020-09-04 15:00:00,2020090415,3.0,3.0,3.0,0.0
2020,202009,2020-09-04,2020-09-04 16:00:00,2020090416,5.0,15.0,14.0,0.0
2020,202009,2020-09-04,2020-09-04 17:00:00,2020090417,4.0,6.0,5.0,1.0
2020,202009,2020-09-04,2020-09-04 18:00:00,2020090418,8.0,3.0,2.0,1.0
2020,202009,2020-09-04,2020-09-04 19:00:00,2020090419,4.0,5.0,3.0,1.0
2020,202009,2020-09-04,2020-09-04 20:00:00,2020090420,5.0,3.0,2.0,1.0
2020,202009,2020-09-04,2020-09-04 21:00:00,2020090421,3.0,3.0,2.0,0.0
2020,202009,2020-09-04,2020-09-04 22:00:00,2020090422,8.0,3.0,2.0,0.0
2020,202009,2020-09-04,2020-09-04 23:00:00,2020090423,3.0,2.0,1.0,0.0
2020,202009,2020-09-05,2020-09-05 00:00:00,2020090500,0.0,3.0,3.0,0.0
2020,202009,2020-09-05,2020-09-05 01:00:00,2020090501,0.0,3.0,1.0,0.0
2020,202009,2020-09-05,2020-09-05 02:00:00,2020090502,0.0,3.0,2.0,0.0
2020,202009,2020-09-05,2020-09-05 03:00:00,2020090503,0.0,1.0,1.0,0.0
2020,202009,2020-09-05,2020-09-05 04:00:00,2020090504,1.0,4.0,3.0,0.0
2020,202009,2020-09-05,2020-09-05 05:00:00,2020090505,3.0,2.0,2.0,0.0
2020,202009,2020-09-05,2020-09-05 06:00:00,2020090506,4.0,0.0,0.0,0.0
2020,202009,2020-09-05,2020-09-05 07:00:00,2020090507,7.0,0.0,0.0,0.0
2020,202009,2020-09-05,2020-09-05 08:00:00,2020090508,1.0,0.0,0.0,0.0
2020,202009,2020-09-05,2020-09-05 09:00:00,2020090509,3.0,0.0,0.0,0.0
2020,202009,2020-09-05,2020-09-05 10:00:00,2020090510,4.0,1.0,1.0,0.0
2020,202009,2020-09-05,2020-09-05 11:00:00,2020090511,1.0,3.0,3.0,0.0
2020,202009,2020-09-05,2020-09-05 12:00:00,2020090512,3.0,2.0,2.0,0.0
2020,202009,2020-09-05,2020-09-05 13:00:00,2020090513,3.0,7.0,6.0,0.0
2020,202009,2020-09-05,2020-09-05 14:00:00,2020090514,2.0,1.0,0.0,1.0
2020,202009,2020-09-05,2020-09-05 15:00:00,2020090515,6.0,3.0,1.0,0.0
2020,202009,2020-09-05,2020-09-05 16:00:00,2020090516,3.0,3.0,1.0,1.0
2020,202009,2020-09-05,2020-09-05 17:00:00,2020090517,2.0,0.0,0.0,0.0
2020,202009,2020-09-05,2020-09-05 18:00:00,2020090518,3.0,2.0,2.0,0.0
2020,202009,2020-09-05,2020-09-05 19:00:00,2020090519,2.0,0.0,0.0,0.0
2020,202009,2020-09-05,2020-09-05 20:00:00,2020090520,1.0,0.0,0.0,0.0
2020,202009,2020-09-05,2020-09-05 21:00:00,2020090521,2.0,3.0,0.0,2.0
2020,202009,2020-09-05,2020-09-05 22:00:00,2020090522,1.0,1.0,1.0,0.0
2020,202009,2020-09-05,2020-09-05 23:00:00,2020090523,1.0,1.0,1.0,0.0
2020,202009,2020-09-06,2020-09-06 00:00:00,2020090600,1.0,2.0,1.0,0.0
2020,202009,2020-09-06,2020-09-06 01:00:00,2020090601,2.0,1.0,1.0,0.0
2020,202009,2020-09-06,2020-09-06 02:00:00,2020090602,0.0,1.0,1.0,0.0
2020,202009,2020-09-06,2020-09-06 03:00:00,2020090603,0.0,2.0,2.0,0.0
2020,202009,2020-09-06,2020-09-06 04:00:00,2020090604,1.0,1.0,1.0,0.0
2020,202009,2020-09-06,2020-09-06 05:00:00,2020090605,2.0,0.0,0.0,0.0
2020,202009,2020-09-06,2020-09-06 07:00:00,2020090607,3.0,1.0,1.0,0.0
2020,202009,2020-09-06,2020-09-06 08:00:00,2020090608,2.0,0.0,0.0,0.0
2020,202009,2020-09-06,2020-09-06 09:00:00,2020090609,0.0,1.0,0.0,1.0
2020,202009,2020-09-06,2020-09-06 12:00:00,2020090612,3.0,0.0,0.0,0.0
2020,202009,2020-09-06,2020-09-06 13:00:00,2020090613,1.0,3.0,3.0,0.0
2020,202009,2020-09-06,2020-09-06 14:00:00,2020090614,4.0,0.0,0.0,0.0
2020,202009,2020-09-06,2020-09-06 15:00:00,2020090615,3.0,1.0,1.0,0.0
2020,202009,2020-09-06,2020-09-06 16:00:00,2020090616,5.0,1.0,1.0,0.0
2020,202009,2020-09-06,2020-09-06 17:00:00,2020090617,1.0,0.0,0.0,0.0
2020,202009,2020-09-06,2020-09-06 18:00:00,2020090618,4.0,1.0,1.0,0.0
2020,202009,2020-09-06,2020-09-06 19:00:00,2020090619,2.0,0.0,0.0,0.0
2020,202009,2020-09-06,2020-09-06 20:00:00,2020090620,4.0,2.0,2.0,0.0
2020,202009,2020-09-06,2020-09-06 21:00:00,2020090621,4.0,2.0,1.0,0.0
2020,202009,2020-09-06,2020-09-06 22:00:00,2020090622,4.0,4.0,4.0,0.0
2020,202009,2020-09-06,2020-09-06 23:00:00,2020090623,1.0,1.0,1.0,0.0
2020,202009,2020-09-07,2020-09-07 00:00:00,2020090700,1.0,2.0,2.0,0.0
2020,202009,2020-09-07,2020-09-07 01:00:00,2020090701,1.0,1.0,0.0,1.0
2020,202009,2020-09-07,2020-09-07 02:00:00,2020090702,0.0,3.0,3.0,1.0
2020,202009,2020-09-07,2020-09-07 03:00:00,2020090703,0.0,2.0,2.0,0.0
2020,202009,2020-09-07,2020-09-07 04:00:00,2020090704,2.0,2.0,2.0,0.0
2020,202009,2020-09-07,2020-09-07 06:00:00,2020090706,2.0,1.0,1.0,0.0
2020,202009,2020-09-07,2020-09-07 07:00:00,2020090707,1.0,1.0,1.0,0.0
2020,202009,2020-09-07,2020-09-07 08:00:00,2020090708,7.0,0.0,0.0,0.0
2020,202009,2020-09-07,2020-09-07 09:00:00,2020090709,6.0,0.0,0.0,0.0
2020,202009,2020-09-07,2020-09-07 10:00:00,2020090710,5.0,4.0,4.0,2.0
2020,202009,2020-09-07,2020-09-07 11:00:00,2020090711,2.0,1.0,1.0,0.0
2020,202009,2020-09-07,2020-09-07 12:00:00,2020090712,3.0,1.0,1.0,0.0
2020,202009,2020-09-07,2020-09-07 13:00:00,2020090713,3.0,1.0,1.0,0.0
2020,202009,2020-09-07,2020-09-07 14:00:00,2020090714,5.0,4.0,3.0,1.0
2020,202009,2020-09-07,2020-09-07 15:00:00,2020090715,3.0,3.0,2.0,0.0
2020,202009,2020-09-07,2020-09-07 16:00:00,2020090716,1.0,5.0,3.0,1.0
2020,202009,2020-09-07,2020-09-07 17:00:00,2020090717,0.0,1.0,1.0,0.0
2020,202009,2020-09-07,2020-09-07 18:00:00,2020090718,2.0,1.0,1.0,0.0
2020,202009,2020-09-07,2020-09-07 19:00:00,2020090719,1.0,2.0,0.0,1.0
2020,202009,2020-09-07,2020-09-07 20:00:00,2020090720,2.0,2.0,2.0,2.0
2020,202009,2020-09-07,2020-09-07 21:00:00,2020090721,1.0,0.0,0.0,0.0
2020,202009,2020-09-07,2020-09-07 22:00:00,2020090722,0.0,1.0,1.0,1.0
2020,202009,2020-09-07,2020-09-07 23:00:00,2020090723,2.0,0.0,0.0,0.0
2020,202009,2020-09-08,2020-09-08 01:00:00,2020090801,0.0,1.0,1.0,0.0
2020,202009,2020-09-08,2020-09-08 03:00:00,2020090803,0.0,1.0,1.0,0.0
2020,202009,2020-09-08,2020-09-08 05:00:00,2020090805,0.0,2.0,1.0,1.0
2020,202009,2020-09-08,2020-09-08 07:00:00,2020090807,1.0,0.0,0.0,0.0
2020,202009,2020-09-08,2020-09-08 08:00:00,2020090808,1.0,0.0,0.0,0.0
2020,202009,2020-09-08,2020-09-08 11:00:00,2020090811,4.0,0.0,0.0,0.0
2020,202009,2020-09-08,2020-09-08 13:00:00,2020090813,2.0,1.0,1.0,0.0
2020,202009,2020-09-08,2020-09-08 14:00:00,2020090814,5.0,0.0,0.0,0.0
2020,202009,2020-09-08,2020-09-08 15:00:00,2020090815,2.0,2.0,0.0,0.0
2020,202009,2020-09-08,2020-09-08 16:00:00,2020090816,3.0,0.0,0.0,0.0
2020,202009,2020-09-08,2020-09-08 17:00:00,2020090817,1.0,1.0,1.0,0.0
2020,202009,2020-09-08,2020-09-08 18:00:00,2020090818,4.0,1.0,0.0,1.0
2020,202009,2020-09-08,2020-09-08 19:00:00,2020090819,1.0,0.0,0.0,0.0
2020,202009,2020-09-08,2020-09-08 20:00:00,2020090820,1.0,1.0,1.0,0.0
2020,202009,2020-09-08,2020-09-08 21:00:00,2020090821,0.0,1.0,0.0,0.0
2020,202009,2020-09-08,2020-09-08 22:00:00,2020090822,1.0,1.0,1.0,0.0
2020,202009,2020-09-08,2020-09-08 23:00:00,2020090823,1.0,1.0,0.0,0.0
2020,202009,2020-09-09,2020-09-09 00:00:00,2020090900,2.0,2.0,1.0,0.0
2020,202009,2020-09-09,2020-09-09 01:00:00,2020090901,1.0,1.0,1.0,0.0
2020,202009,2020-09-09,2020-09-09 02:00:00,2020090902,0.0,1.0,0.0,0.0
2020,202009,2020-09-09,2020-09-09 06:00:00,2020090906,0.0,1.0,1.0,0.0
2020,202009,2020-09-09,2020-09-09 07:00:00,2020090907,3.0,0.0,0.0,0.0
2020,202009,2020-09-09,2020-09-09 08:00:00,2020090908,2.0,2.0,0.0,0.0
2020,202009,2020-09-09,2020-09-09 09:00:00,2020090909,0.0,1.0,0.0,1.0
2020,202009,2020-09-09,2020-09-09 10:00:00,2020090910,4.0,0.0,0.0,0.0
2020,202009,2020-09-09,2020-09-09 11:00:00,2020090911,1.0,1.0,1.0,0.0
2020,202009,2020-09-09,2020-09-09 12:00:00,2020090912,1.0,1.0,0.0,0.0
2020,202009,2020-09-09,2020-09-09 13:00:00,2020090913,1.0,1.0,0.0,1.0
2020,202009,2020-09-09,2020-09-09 14:00:00,2020090914,6.0,1.0,1.0,0.0
2020,202009,2020-09-09,2020-09-09 15:00:00,2020090915,0.0,4.0,4.0,0.0
2020,202009,2020-09-09,2020-09-09 16:00:00,2020090916,2.0,1.0,1.0,0.0
2020,202009,2020-09-09,2020-09-09 17:00:00,2020090917,0.0,1.0,1.0,0.0
2020,202009,2020-09-09,2020-09-09 18:00:00,2020090918,0.0,1.0,1.0,0.0
2020,202009,2020-09-09,2020-09-09 19:00:00,2020090919,2.0,0.0,0.0,0.0
2020,202009,2020-09-09,2020-09-09 20:00:00,2020090920,4.0,2.0,1.0,1.0
2020,202009,2020-09-09,2020-09-09 21:00:00,2020090921,4.0,1.0,1.0,0.0
2020,202009,2020-09-09,2020-09-09 22:00:00,2020090922,1.0,1.0,1.0,0.0
2020,202009,2020-09-10,2020-09-10 01:00:00,2020091001,0.0,2.0,1.0,1.0
2020,202009,2020-09-10,2020-09-10 02:00:00,2020091002,0.0,3.0,2.0,0.0
2020,202009,2020-09-10,2020-09-10 03:00:00,2020091003,0.0,1.0,0.0,1.0
2020,202009,2020-09-10,2020-09-10 08:00:00,2020091008,2.0,0.0,0.0,0.0
2020,202009,2020-09-10,2020-09-10 09:00:00,2020091009,4.0,0.0,0.0,0.0
2020,202009,2020-09-10,2020-09-10 10:00:00,2020091010,3.0,0.0,0.0,0.0
2020,202009,2020-09-10,2020-09-10 11:00:00,2020091011,3.0,0.0,0.0,0.0
2020,202009,2020-09-10,2020-09-10 12:00:00,2020091012,4.0,1.0,0.0,0.0
2020,202009,2020-09-10,2020-09-10 13:00:00,2020091013,3.0,1.0,0.0,0.0
2020,202009,2020-09-10,2020-09-10 14:00:00,2020091014,4.0,2.0,2.0,0.0
2020,202009,2020-09-10,2020-09-10 15:00:00,2020091015,2.0,1.0,1.0,0.0
2020,202009,2020-09-10,2020-09-10 16:00:00,2020091016,1.0,1.0,1.0,0.0
2020,202009,2020-09-10,2020-09-10 17:00:00,2020091017,0.0,2.0,0.0,2.0
2020,202009,2020-09-10,2020-09-10 18:00:00,2020091018,0.0,3.0,3.0,0.0
2020,202009,2020-09-10,2020-09-10 19:00:00,2020091019,3.0,1.0,1.0,0.0
2020,202009,2020-09-10,2020-09-10 20:00:00,2020091020,0.0,3.0,1.0,2.0
2020,202009,2020-09-10,2020-09-10 21:00:00,2020091021,0.0,2.0,1.0,0.0
2020,202009,2020-09-10,2020-09-10 22:00:00,2020091022,0.0,1.0,1.0,0.0
2020,202009,2020-09-11,2020-09-11 00:00:00,2020091100,3.0,0.0,0.0,0.0
2020,202009,2020-09-11,2020-09-11 03:00:00,2020091103,1.0,0.0,0.0,0.0
2020,202009,2020-09-11,2020-09-11 06:00:00,2020091106,0.0,2.0,2.0,0.0
2020,202009,2020-09-11,2020-09-11 07:00:00,2020091107,5.0,0.0,0.0,0.0
2020,202009,2020-09-11,2020-09-11 08:00:00,2020091108,2.0,0.0,0.0,0.0
2020,202009,2020-09-11,2020-09-11 09:00:00,2020091109,1.0,1.0,0.0,0.0
2020,202009,2020-09-11,2020-09-11 10:00:00,2020091110,1.0,0.0,0.0,0.0
2020,202009,2020-09-11,2020-09-11 11:00:00,2020091111,3.0,0.0,0.0,0.0
2020,202009,2020-09-11,2020-09-11 12:00:00,2020091112,2.0,0.0,0.0,0.0
2020,202009,2020-09-11,2020-09-11 13:00:00,2020091113,1.0,3.0,1.0,1.0
2020,202009,2020-09-11,2020-09-11 14:00:00,2020091114,3.0,1.0,0.0,1.0
2020,202009,2020-09-11,2020-09-11 15:00:00,2020091115,1.0,1.0,1.0,1.0
2020,202009,2020-09-11,2020-09-11 16:00:00,2020091116,2.0,0.0,0.0,0.0
2020,202009,2020-09-11,2020-09-11 17:00:00,2020091117,7.0,2.0,2.0,0.0
2020,202009,2020-09-11,2020-09-11 18:00:00,2020091118,2.0,1.0,0.0,0.0
2020,202009,2020-09-11,2020-09-11 19:00:00,2020091119,1.0,2.0,1.0,1.0
2020,202009,2020-09-11,2020-09-11 20:00:00,2020091120,2.0,3.0,1.0,1.0
2020,202009,2020-09-11,2020-09-11 21:00:00,2020091121,1.0,1.0,1.0,0.0
2020,202009,2020-09-11,2020-09-11 23:00:00,2020091123,0.0,2.0,1.0,0.0
2020,202009,2020-09-12,2020-09-12 02:00:00,2020091202,0.0,1.0,1.0,0.0
2020,202009,2020-09-12,2020-09-12 03:00:00,2020091203,0.0,1.0,1.0,0.0
2020,202009,2020-09-12,2020-09-12 07:00:00,2020091207,1.0,0.0,0.0,0.0
2020,202009,2020-09-12,2020-09-12 09:00:00,2020091209,1.0,0.0,0.0,0.0
2020,202009,2020-09-12,2020-09-12 12:00:00,2020091212,1.0,0.0,0.0,0.0
2020,202009,2020-09-12,2020-09-12 13:00:00,2020091213,1.0,2.0,1.0,1.0
2020,202009,2020-09-12,2020-09-12 15:00:00,2020091215,2.0,1.0,0.0,1.0
2020,202009,2020-09-12,2020-09-12 16:00:00,2020091216,3.0,0.0,0.0,0.0
2020,202009,2020-09-12,2020-09-12 17:00:00,2020091217,2.0,1.0,0.0,0.0
2020,202009,2020-09-12,2020-09-12 18:00:00,2020091218,1.0,0.0,0.0,0.0
2020,202009,2020-09-12,2020-09-12 19:00:00,2020091219,0.0,1.0,0.0,0.0
2020,202009,2020-09-12,2020-09-12 23:00:00,2020091223,0.0,1.0,0.0,1.0
2020,202009,2020-09-13,2020-09-13 01:00:00,2020091301,1.0,0.0,0.0,0.0
2020,202009,2020-09-13,2020-09-13 07:00:00,2020091307,0.0,1.0,1.0,0.0
2020,202009,2020-09-13,2020-09-13 09:00:00,2020091309,2.0,0.0,0.0,0.0
2020,202009,2020-09-13,2020-09-13 11:00:00,2020091311,1.0,0.0,0.0,0.0
2020,202009,2020-09-13,2020-09-13 15:00:00,2020091315,1.0,2.0,1.0,1.0
2020,202009,2020-09-13,2020-09-13 17:00:00,2020091317,1.0,0.0,0.0,0.0
2020,202009,2020-09-13,2020-09-13 19:00:00,2020091319,1.0,0.0,0.0,0.0
2020,202009,2020-09-13,2020-09-13 20:00:00,2020091320,1.0,0.0,0.0,0.0
2020,202009,2020-09-13,2020-09-13 21:00:00,2020091321,0.0,1.0,0.0,0.0
2020,202009,2020-09-13,2020-09-13 22:00:00,2020091322,1.0,0.0,0.0,0.0
2020,202009,2020-09-13,2020-09-13 23:00:00,2020091323,0.0,1.0,0.0,1.0
2020,202009,2020-09-14,2020-09-14 00:00:00,2020091400,1.0,0.0,0.0,0.0
2020,202009,2020-09-14,2020-09-14 01:00:00,2020091401,0.0,1.0,0.0,1.0
2020,202009,2020-09-14,2020-09-14 02:00:00,2020091402,1.0,0.0,0.0,0.0
2020,202009,2020-09-14,2020-09-14 03:00:00,2020091403,2.0,0.0,0.0,0.0
2020,202009,2020-09-14,2020-09-14 08:00:00,2020091408,1.0,1.0,1.0,0.0
2020,202009,2020-09-14,2020-09-14 09:00:00,2020091409,1.0,1.0,1.0,0.0
2020,202009,2020-09-14,2020-09-14 10:00:00,2020091410,1.0,1.0,0.0,0.0
2020,202009,2020-09-14,2020-09-14 11:00:00,2020091411,3.0,1.0,0.0,0.0
2020,202009,2020-09-14,2020-09-14 12:00:00,2020091412,1.0,0.0,0.0,0.0
2020,202009,2020-09-14,2020-09-14 13:00:00,2020091413,2.0,0.0,0.0,0.0
2020,202009,2020-09-14,2020-09-14 14:00:00,2020091414,5.0,1.0,0.0,0.0
2020,202009,2020-09-14,2020-09-14 15:00:00,2020091415,0.0,2.0,0.0,0.0
2020,202009,2020-09-14,2020-09-14 16:00:00,2020091416,2.0,0.0,0.0,0.0
2020,202009,2020-09-14,2020-09-14 17:00:00,2020091417,1.0,2.0,1.0,1.0
2020,202009,2020-09-14,2020-09-14 18:00:00,2020091418,3.0,0.0,0.0,0.0
2020,202009,2020-09-14,2020-09-14 19:00:00,2020091419,2.0,0.0,0.0,0.0
2020,202009,2020-09-14,2020-09-14 20:00:00,2020091420,0.0,2.0,0.0,0.0
2020,202009,2020-09-14,2020-09-14 21:00:00,2020091421,1.0,0.0,0.0,0.0
2020,202009,2020-09-14,2020-09-14 23:00:00,2020091423,1.0,0.0,0.0,0.0
2020,202009,2020-09-15,2020-09-15 00:00:00,2020091500,0.0,1.0,0.0,0.0
2020,202009,2020-09-15,2020-09-15 01:00:00,2020091501,0.0,1.0,0.0,1.0
2020,202009,2020-09-15,2020-09-15 05:00:00,2020091505,1.0,0.0,0.0,0.0
2020,202009,2020-09-15,2020-09-15 06:00:00,2020091506,1.0,0.0,0.0,0.0
2020,202009,2020-09-15,2020-09-15 07:00:00,2020091507,2.0,0.0,0.0,0.0
2020,202009,2020-09-15,2020-09-15 09:00:00,2020091509,4.0,0.0,0.0,0.0
2020,202009,2020-09-15,2020-09-15 10:00:00,2020091510,4.0,0.0,0.0,0.0
2020,202009,2020-09-15,2020-09-15 11:00:00,2020091511,1.0,5.0,2.0,2.0
2020,202009,2020-09-15,2020-09-15 12:00:00,2020091512,2.0,0.0,0.0,0.0
2020,202009,2020-09-15,2020-09-15 13:00:00,2020091513,1.0,1.0,1.0,0.0
2020,202009,2020-09-15,2020-09-15 14:00:00,2020091514,5.0,0.0,0.0,0.0
2020,202009,2020-09-15,2020-09-15 15:00:00,2020091515,3.0,3.0,3.0,0.0
2020,202009,2020-09-15,2020-09-15 16:00:00,2020091516,10.0,1.0,1.0,0.0
2020,202009,2020-09-15,2020-09-15 17:00:00,2020091517,3.0,1.0,1.0,0.0
2020,202009,2020-09-15,2020-09-15 18:00:00,2020091518,2.0,1.0,1.0,0.0
2020,202009,2020-09-15,2020-09-15 19:00:00,2020091519,3.0,1.0,0.0,0.0
2020,202009,2020-09-15,2020-09-15 20:00:00,2020091520,1.0,2.0,1.0,1.0
2020,202009,2020-09-15,2020-09-15 21:00:00,2020091521,2.0,0.0,0.0,0.0
2020,202009,2020-09-15,2020-09-15 22:00:00,2020091522,1.0,7.0,5.0,0.0
2020,202009,2020-09-15,2020-09-15 23:00:00,2020091523,0.0,2.0,1.0,0.0
2020,202009,2020-09-16,2020-09-16 00:00:00,2020091600,0.0,1.0,1.0,0.0
2020,202009,2020-09-16,2020-09-16 01:00:00,2020091601,0.0,1.0,0.0,0.0
2020,202009,2020-09-16,2020-09-16 03:00:00,2020091603,0.0,1.0,1.0,0.0
2020,202009,2020-09-16,2020-09-16 06:00:00,2020091606,1.0,0.0,0.0,0.0
2020,202009,2020-09-16,2020-09-16 07:00:00,2020091607,1.0,0.0,0.0,0.0
2020,202009,2020-09-16,2020-09-16 08:00:00,2020091608,6.0,0.0,0.0,0.0
2020,202009,2020-09-16,2020-09-16 09:00:00,2020091609,1.0,2.0,2.0,0.0
2020,202009,2020-09-16,2020-09-16 10:00:00,2020091610,1.0,1.0,1.0,0.0
2020,202009,2020-09-16,2020-09-16 11:00:00,2020091611,1.0,1.0,0.0,0.0
2020,202009,2020-09-16,2020-09-16 12:00:00,2020091612,1.0,2.0,2.0,0.0
2020,202009,2020-09-16,2020-09-16 14:00:00,2020091614,3.0,1.0,0.0,0.0
2020,202009,2020-09-16,2020-09-16 15:00:00,2020091615,3.0,0.0,0.0,0.0
2020,202009,2020-09-16,2020-09-16 17:00:00,2020091617,3.0,0.0,0.0,0.0
2020,202009,2020-09-16,2020-09-16 18:00:00,2020091618,0.0,1.0,1.0,0.0
2020,202009,2020-09-16,2020-09-16 19:00:00,2020091619,1.0,0.0,0.0,0.0
2020,202009,2020-09-16,2020-09-16 21:00:00,2020091621,1.0,2.0,2.0,0.0
2020,202009,2020-09-16,2020-09-16 22:00:00,2020091622,2.0,0.0,0.0,0.0
2020,202009,2020-09-16,2020-09-16 23:00:00,2020091623,0.0,2.0,2.0,0.0
2020,202009,2020-09-17,2020-09-17 00:00:00,2020091700,1.0,0.0,0.0,0.0
2020,202009,2020-09-17,2020-09-17 02:00:00,2020091702,1.0,1.0,1.0,0.0
2020,202009,2020-09-17,2020-09-17 03:00:00,2020091703,0.0,1.0,1.0,0.0
2020,202009,2020-09-17,2020-09-17 06:00:00,2020091706,0.0,1.0,1.0,0.0
2020,202009,2020-09-17,2020-09-17 08:00:00,2020091708,2.0,0.0,0.0,0.0
2020,202009,2020-09-17,2020-09-17 09:00:00,2020091709,2.0,1.0,0.0,1.0
2020,202009,2020-09-17,2020-09-17 10:00:00,2020091710,1.0,0.0,0.0,0.0
2020,202009,2020-09-17,2020-09-17 12:00:00,2020091712,2.0,0.0,0.0,0.0
2020,202009,2020-09-17,2020-09-17 14:00:00,2020091714,2.0,1.0,1.0,0.0
2020,202009,2020-09-17,2020-09-17 15:00:00,2020091715,3.0,3.0,1.0,1.0
2020,202009,2020-09-17,2020-09-17 16:00:00,2020091716,2.0,2.0,2.0,0.0
2020,202009,2020-09-17,2020-09-17 17:00:00,2020091717,2.0,1.0,0.0,0.0
2020,202009,2020-09-17,2020-09-17 18:00:00,2020091718,1.0,1.0,1.0,0.0
2020,202009,2020-09-17,2020-09-17 19:00:00,2020091719,1.0,0.0,0.0,0.0
2020,202009,2020-09-17,2020-09-17 20:00:00,2020091720,1.0,0.0,0.0,0.0
2020,202009,2020-09-17,2020-09-17 21:00:00,2020091721,1.0,1.0,1.0,0.0
2020,202009,2020-09-17,2020-09-17 22:00:00,2020091722,0.0,1.0,1.0,0.0
2020,202009,2020-09-17,2020-09-17 23:00:00,2020091723,0.0,1.0,1.0,0.0
2020,202009,2020-09-18,2020-09-18 01:00:00,2020091801,0.0,1.0,1.0,0.0
2020,202009,2020-09-18,2020-09-18 02:00:00,2020091802,3.0,0.0,0.0,0.0
2020,202009,2020-09-18,2020-09-18 03:00:00,2020091803,0.0,2.0,1.0,0.0
2020,202009,2020-09-18,2020-09-18 08:00:00,2020091808,3.0,1.0,0.0,1.0
2020,202009,2020-09-18,2020-09-18 09:00:00,2020091809,2.0,0.0,0.0,0.0
2020,202009,2020-09-18,2020-09-18 10:00:00,2020091810,1.0,1.0,0.0,0.0
2020,202009,2020-09-18,2020-09-18 11:00:00,2020091811,1.0,0.0,0.0,0.0
2020,202009,2020-09-18,2020-09-18 12:00:00,2020091812,1.0,0.0,0.0,0.0
2020,202009,2020-09-18,2020-09-18 13:00:00,2020091813,2.0,1.0,1.0,1.0
2020,202009,2020-09-18,2020-09-18 14:00:00,2020091814,1.0,3.0,1.0,1.0
2020,202009,2020-09-18,2020-09-18 15:00:00,2020091815,3.0,0.0,0.0,0.0
2020,202009,2020-09-18,2020-09-18 17:00:00,2020091817,3.0,0.0,0.0,0.0
2020,202009,2020-09-18,2020-09-18 20:00:00,2020091820,1.0,0.0,0.0,0.0
2020,202009,2020-09-18,2020-09-18 21:00:00,2020091821,3.0,0.0,0.0,0.0
2020,202009,2020-09-18,2020-09-18 22:00:00,2020091822,3.0,1.0,0.0,1.0
2020,202009,2020-09-18,2020-09-18 23:00:00,2020091823,1.0,3.0,3.0,0.0
2020,202009,2020-09-19,2020-09-19 03:00:00,2020091903,0.0,2.0,2.0,0.0
2020,202009,2020-09-19,2020-09-19 04:00:00,2020091904,0.0,2.0,2.0,0.0
2020,202009,2020-09-19,2020-09-19 05:00:00,2020091905,0.0,1.0,1.0,0.0
2020,202009,2020-09-19,2020-09-19 07:00:00,2020091907,2.0,0.0,0.0,0.0
2020,202009,2020-09-19,2020-09-19 08:00:00,2020091908,1.0,1.0,0.0,0.0
2020,202009,2020-09-19,2020-09-19 09:00:00,2020091909,2.0,0.0,0.0,0.0
2020,202009,2020-09-19,2020-09-19 10:00:00,2020091910,1.0,0.0,0.0,0.0
2020,202009,2020-09-19,2020-09-19 12:00:00,2020091912,1.0,0.0,0.0,0.0
2020,202009,2020-09-19,2020-09-19 14:00:00,2020091914,2.0,1.0,0.0,1.0
2020,202009,2020-09-19,2020-09-19 15:00:00,2020091915,0.0,1.0,1.0,0.0
2020,202009,2020-09-19,2020-09-19 16:00:00,2020091916,0.0,1.0,1.0,0.0
2020,202009,2020-09-19,2020-09-19 17:00:00,2020091917,2.0,0.0,0.0,0.0
2020,202009,2020-09-19,2020-09-19 18:00:00,2020091918,0.0,1.0,1.0,0.0
2020,202009,2020-09-19,2020-09-19 20:00:00,2020091920,2.0,2.0,1.0,0.0
2020,202009,2020-09-19,2020-09-19 21:00:00,2020091921,3.0,0.0,0.0,0.0
2020,202009,2020-09-19,2020-09-19 22:00:00,2020091922,0.0,1.0,1.0,1.0
2020,202009,2020-09-19,2020-09-19 23:00:00,2020091923,1.0,1.0,1.0,0.0
2020,202009,2020-09-20,2020-09-20 02:00:00,2020092002,1.0,1.0,0.0,0.0
2020,202009,2020-09-20,2020-09-20 03:00:00,2020092003,0.0,2.0,2.0,0.0
2020,202009,2020-09-20,2020-09-20 07:00:00,2020092007,1.0,0.0,0.0,0.0
2020,202009,2020-09-20,2020-09-20 08:00:00,2020092008,1.0,0.0,0.0,0.0
2020,202009,2020-09-20,2020-09-20 10:00:00,2020092010,1.0,0.0,0.0,0.0
2020,202009,2020-09-20,2020-09-20 11:00:00,2020092011,1.0,0.0,0.0,0.0
2020,202009,2020-09-20,2020-09-20 12:00:00,2020092012,1.0,0.0,0.0,0.0
2020,202009,2020-09-20,2020-09-20 13:00:00,2020092013,3.0,1.0,1.0,0.0
2020,202009,2020-09-20,2020-09-20 16:00:00,2020092016,0.0,1.0,1.0,0.0
2020,202009,2020-09-20,2020-09-20 17:00:00,2020092017,1.0,1.0,1.0,0.0
2020,202009,2020-09-20,2020-09-20 19:00:00,2020092019,1.0,2.0,2.0,1.0
2020,202009,2020-09-20,2020-09-20 20:00:00,2020092020,2.0,0.0,0.0,0.0
2020,202009,2020-09-20,2020-09-20 22:00:00,2020092022,1.0,0.0,0.0,0.0
2020,202009,2020-09-20,2020-09-20 23:00:00,2020092023,1.0,1.0,0.0,0.0
2020,202009,2020-09-21,2020-09-21 00:00:00,2020092100,0.0,1.0,0.0,0.0
2020,202009,2020-09-21,2020-09-21 01:00:00,2020092101,0.0,1.0,1.0,0.0
2020,202009,2020-09-21,2020-09-21 02:00:00,2020092102,0.0,1.0,1.0,0.0
2020,202009,2020-09-21,2020-09-21 06:00:00,2020092106,2.0,0.0,0.0,0.0
2020,202009,2020-09-21,2020-09-21 07:00:00,2020092107,1.0,1.0,0.0,1.0
2020,202009,2020-09-21,2020-09-21 09:00:00,2020092109,2.0,0.0,0.0,0.0
2020,202009,2020-09-21,2020-09-21 10:00:00,2020092110,5.0,0.0,0.0,0.0
2020,202009,2020-09-21,2020-09-21 12:00:00,2020092112,0.0,1.0,1.0,0.0
2020,202009,2020-09-21,2020-09-21 13:00:00,2020092113,0.0,1.0,1.0,0.0
2020,202009,2020-09-21,2020-09-21 14:00:00,2020092114,1.0,0.0,0.0,0.0
2020,202009,2020-09-21,2020-09-21 15:00:00,2020092115,7.0,1.0,1.0,0.0
2020,202009,2020-09-21,2020-09-21 16:00:00,2020092116,3.0,6.0,3.0,2.0
2020,202009,2020-09-21,2020-09-21 18:00:00,2020092118,1.0,0.0,0.0,0.0
2020,202009,2020-09-21,2020-09-21 19:00:00,2020092119,1.0,0.0,0.0,0.0
2020,202009,2020-09-21,2020-09-21 20:00:00,2020092120,2.0,1.0,1.0,0.0
2020,202009,2020-09-21,2020-09-21 21:00:00,2020092121,1.0,2.0,1.0,1.0
2020,202009,2020-09-21,2020-09-21 22:00:00,2020092122,0.0,1.0,1.0,0.0
2020,202009,2020-09-22,2020-09-22 00:00:00,2020092200,0.0,1.0,1.0,0.0
2020,202009,2020-09-22,2020-09-22 01:00:00,2020092201,0.0,1.0,1.0,0.0
2020,202009,2020-09-22,2020-09-22 03:00:00,2020092203,0.0,1.0,1.0,0.0
2020,202009,2020-09-22,2020-09-22 06:00:00,2020092206,1.0,0.0,0.0,0.0
2020,202009,2020-09-22,2020-09-22 07:00:00,2020092207,1.0,0.0,0.0,0.0
2020,202009,2020-09-22,2020-09-22 08:00:00,2020092208,2.0,0.0,0.0,0.0
2020,202009,2020-09-22,2020-09-22 09:00:00,2020092209,2.0,0.0,0.0,0.0
2020,202009,2020-09-22,2020-09-22 10:00:00,2020092210,5.0,1.0,0.0,0.0
2020,202009,2020-09-22,2020-09-22 11:00:00,2020092211,1.0,0.0,0.0,0.0
2020,202009,2020-09-22,2020-09-22 13:00:00,2020092213,2.0,1.0,1.0,0.0
2020,202009,2020-09-22,2020-09-22 14:00:00,2020092214,1.0,2.0,2.0,0.0
2020,202009,2020-09-22,2020-09-22 15:00:00,2020092215,1.0,0.0,0.0,0.0
2020,202009,2020-09-22,2020-09-22 16:00:00,2020092216,2.0,2.0,2.0,0.0
2020,202009,2020-09-22,2020-09-22 17:00:00,2020092217,0.0,1.0,1.0,0.0
2020,202009,2020-09-22,2020-09-22 19:00:00,2020092219,0.0,1.0,1.0,0.0
2020,202009,2020-09-22,2020-09-22 20:00:00,2020092220,3.0,0.0,0.0,0.0
2020,202009,2020-09-22,2020-09-22 21:00:00,2020092221,3.0,0.0,0.0,0.0
2020,202009,2020-09-22,2020-09-22 22:00:00,2020092222,2.0,2.0,2.0,0.0
2020,202009,2020-09-23,2020-09-23 00:00:00,2020092300,1.0,0.0,0.0,0.0
2020,202009,2020-09-23,2020-09-23 02:00:00,2020092302,1.0,2.0,2.0,0.0
2020,202009,2020-09-23,2020-09-23 03:00:00,2020092303,0.0,3.0,1.0,1.0
2020,202009,2020-09-23,2020-09-23 04:00:00,2020092304,1.0,1.0,1.0,0.0
2020,202009,2020-09-23,2020-09-23 05:00:00,2020092305,1.0,0.0,0.0,0.0
2020,202009,2020-09-23,2020-09-23 07:00:00,2020092307,1.0,0.0,0.0,0.0
2020,202009,2020-09-23,2020-09-23 09:00:00,2020092309,1.0,0.0,0.0,0.0
2020,202009,2020-09-23,2020-09-23 10:00:00,2020092310,3.0,0.0,0.0,0.0
2020,202009,2020-09-23,2020-09-23 11:00:00,2020092311,0.0,1.0,1.0,0.0
2020,202009,2020-09-23,2020-09-23 12:00:00,2020092312,2.0,0.0,0.0,0.0
2020,202009,2020-09-23,2020-09-23 13:00:00,2020092313,2.0,1.0,1.0,0.0
2020,202009,2020-09-23,2020-09-23 14:00:00,2020092314,0.0,1.0,0.0,0.0
2020,202009,2020-09-23,2020-09-23 15:00:00,2020092315,1.0,0.0,0.0,0.0
2020,202009,2020-09-23,2020-09-23 16:00:00,2020092316,3.0,1.0,1.0,0.0
2020,202009,2020-09-23,2020-09-23 21:00:00,2020092321,2.0,1.0,1.0,0.0
2020,202009,2020-09-23,2020-09-23 22:00:00,2020092322,2.0,2.0,0.0,0.0
2020,202009,2020-09-24,2020-09-24 03:00:00,2020092403,1.0,2.0,2.0,0.0
2020,202009,2020-09-24,2020-09-24 04:00:00,2020092404,0.0,2.0,1.0,0.0
2020,202009,2020-09-24,2020-09-24 05:00:00,2020092405,2.0,0.0,0.0,0.0
2020,202009,2020-09-24,2020-09-24 11:00:00,2020092411,0.0,2.0,2.0,0.0
2020,202009,2020-09-24,2020-09-24 13:00:00,2020092413,1.0,0.0,0.0,0.0
2020,202009,2020-09-24,2020-09-24 16:00:00,2020092416,3.0,0.0,0.0,0.0
2020,202009,2020-09-24,2020-09-24 17:00:00,2020092417,0.0,1.0,0.0,0.0
2020,202009,2020-09-24,2020-09-24 18:00:00,2020092418,1.0,0.0,0.0,0.0
2020,202009,2020-09-24,2020-09-24 19:00:00,2020092419,0.0,1.0,1.0,0.0
2020,202009,2020-09-24,2020-09-24 21:00:00,2020092421,1.0,0.0,0.0,0.0
2020,202009,2020-09-24,2020-09-24 22:00:00,2020092422,1.0,1.0,0.0,0.0
2020,202009,2020-09-25,2020-09-25 00:00:00,2020092500,0.0,1.0,1.0,0.0
2020,202009,2020-09-25,2020-09-25 03:00:00,2020092503,0.0,1.0,1.0,0.0
2020,202009,2020-09-25,2020-09-25 04:00:00,2020092504,0.0,1.0,1.0,0.0
2020,202009,2020-09-25,2020-09-25 08:00:00,2020092508,1.0,0.0,0.0,0.0
2020,202009,2020-09-25,2020-09-25 09:00:00,2020092509,3.0,0.0,0.0,0.0
2020,202009,2020-09-25,2020-09-25 10:00:00,2020092510,0.0,1.0,0.0,0.0
2020,202009,2020-09-25,2020-09-25 13:00:00,2020092513,2.0,0.0,0.0,0.0
2020,202009,2020-09-25,2020-09-25 15:00:00,2020092515,2.0,1.0,0.0,1.0
2020,202009,2020-09-25,2020-09-25 16:00:00,2020092516,1.0,1.0,0.0,0.0
2020,202009,2020-09-25,2020-09-25 17:00:00,2020092517,1.0,0.0,0.0,0.0
2020,202009,2020-09-25,2020-09-25 18:00:00,2020092518,4.0,0.0,0.0,0.0
2020,202009,2020-09-25,2020-09-25 19:00:00,2020092519,1.0,3.0,2.0,0.0
2020,202009,2020-09-25,2020-09-25 20:00:00,2020092520,3.0,0.0,0.0,0.0
2020,202009,2020-09-25,2020-09-25 21:00:00,2020092521,1.0,1.0,0.0,0.0
2020,202009,2020-09-25,2020-09-25 23:00:00,2020092523,1.0,1.0,1.0,0.0
2020,202009,2020-09-26,2020-09-26 00:00:00,2020092600,0.0,2.0,2.0,0.0
2020,202009,2020-09-26,2020-09-26 01:00:00,2020092601,0.0,1.0,0.0,1.0
2020,202009,2020-09-26,2020-09-26 02:00:00,2020092602,0.0,1.0,1.0,0.0
2020,202009,2020-09-26,2020-09-26 05:00:00,2020092605,0.0,1.0,1.0,0.0
2020,202009,2020-09-26,2020-09-26 06:00:00,2020092606,2.0,0.0,0.0,0.0
2020,202009,2020-09-26,2020-09-26 07:00:00,2020092607,0.0,1.0,0.0,1.0
2020,202009,2020-09-26,2020-09-26 08:00:00,2020092608,1.0,0.0,0.0,0.0
2020,202009,2020-09-26,2020-09-26 11:00:00,2020092611,1.0,0.0,0.0,0.0
2020,202009,2020-09-26,2020-09-26 12:00:00,2020092612,2.0,1.0,0.0,0.0
2020,202009,2020-09-26,2020-09-26 14:00:00,2020092614,3.0,1.0,0.0,1.0
2020,202009,2020-09-26,2020-09-26 16:00:00,2020092616,2.0,0.0,0.0,0.0
2020,202009,2020-09-26,2020-09-26 17:00:00,2020092617,1.0,1.0,0.0,0.0
2020,202009,2020-09-26,2020-09-26 20:00:00,2020092620,0.0,3.0,3.0,1.0
2020,202009,2020-09-27,2020-09-27 07:00:00,2020092707,1.0,0.0,0.0,0.0
2020,202009,2020-09-27,2020-09-27 08:00:00,2020092708,1.0,0.0,0.0,0.0
2020,202009,2020-09-27,2020-09-27 09:00:00,2020092709,0.0,1.0,0.0,0.0
2020,202009,2020-09-27,2020-09-27 10:00:00,2020092710,1.0,0.0,0.0,0.0
2020,202009,2020-09-27,2020-09-27 11:00:00,2020092711,0.0,1.0,1.0,0.0
2020,202009,2020-09-27,2020-09-27 13:00:00,2020092713,0.0,1.0,1.0,0.0
2020,202009,2020-09-27,2020-09-27 18:00:00,2020092718,1.0,0.0,0.0,0.0
2020,202009,2020-09-27,2020-09-27 22:00:00,2020092722,2.0,0.0,0.0,0.0
2020,202009,2020-09-27,2020-09-27 23:00:00,2020092723,1.0,0.0,0.0,0.0
2020,202009,2020-09-28,2020-09-28 00:00:00,2020092800,0.0,2.0,1.0,0.0
2020,202009,2020-09-28,2020-09-28 04:00:00,2020092804,0.0,2.0,1.0,1.0
2020,202009,2020-09-28,2020-09-28 08:00:00,2020092808,2.0,0.0,0.0,0.0
2020,202009,2020-09-28,2020-09-28 09:00:00,2020092809,3.0,1.0,0.0,0.0
2020,202009,2020-09-28,2020-09-28 10:00:00,2020092810,3.0,2.0,1.0,1.0
2020,202009,2020-09-28,2020-09-28 11:00:00,2020092811,1.0,0.0,0.0,0.0
2020,202009,2020-09-28,2020-09-28 12:00:00,2020092812,2.0,0.0,0.0,0.0
2020,202009,2020-09-28,2020-09-28 13:00:00,2020092813,2.0,1.0,0.0,0.0
2020,202009,2020-09-28,2020-09-28 14:00:00,2020092814,2.0,1.0,1.0,0.0
2020,202009,2020-09-28,2020-09-28 15:00:00,2020092815,1.0,0.0,0.0,0.0
2020,202009,2020-09-28,2020-09-28 16:00:00,2020092816,0.0,3.0,1.0,2.0
2020,202009,2020-09-28,2020-09-28 18:00:00,2020092818,3.0,1.0,1.0,0.0
2020,202009,2020-09-28,2020-09-28 19:00:00,2020092819,3.0,2.0,2.0,0.0
2020,202009,2020-09-28,2020-09-28 20:00:00,2020092820,2.0,2.0,1.0,0.0
2020,202009,2020-09-28,2020-09-28 22:00:00,2020092822,0.0,1.0,0.0,1.0
2020,202009,2020-09-29,2020-09-29 00:00:00,2020092900,0.0,1.0,1.0,0.0
2020,202009,2020-09-29,2020-09-29 01:00:00,2020092901,0.0,2.0,1.0,1.0
2020,202009,2020-09-29,2020-09-29 02:00:00,2020092902,0.0,2.0,1.0,1.0
2020,202009,2020-09-29,2020-09-29 07:00:00,2020092907,1.0,0.0,0.0,0.0
2020,202009,2020-09-29,2020-09-29 08:00:00,2020092908,1.0,1.0,0.0,1.0
2020,202009,2020-09-29,2020-09-29 09:00:00,2020092909,0.0,1.0,0.0,0.0
2020,202009,2020-09-29,2020-09-29 10:00:00,2020092910,2.0,0.0,0.0,0.0
2020,202009,2020-09-29,2020-09-29 11:00:00,2020092911,1.0,0.0,0.0,0.0
2020,202009,2020-09-29,2020-09-29 12:00:00,2020092912,1.0,0.0,0.0,0.0
2020,202009,2020-09-29,2020-09-29 13:00:00,2020092913,1.0,0.0,0.0,0.0
2020,202009,2020-09-29,2020-09-29 14:00:00,2020092914,1.0,0.0,0.0,0.0
2020,202009,2020-09-29,2020-09-29 15:00:00,2020092915,2.0,0.0,0.0,0.0
2020,202009,2020-09-29,2020-09-29 16:00:00,2020092916,1.0,2.0,2.0,0.0
2020,202009,2020-09-29,2020-09-29 17:00:00,2020092917,0.0,1.0,1.0,0.0
2020,202009,2020-09-29,2020-09-29 20:00:00,2020092920,0.0,1.0,1.0,0.0
2020,202009,2020-09-29,2020-09-29 21:00:00,2020092921,2.0,1.0,1.0,0.0
2020,202009,2020-09-29,2020-09-29 22:00:00,2020092922,1.0,0.0,0.0,0.0
2020,202009,2020-09-29,2020-09-29 23:00:00,2020092923,2.0,0.0,0.0,0.0
2020,202009,2020-09-30,2020-09-30 03:00:00,2020093003,0.0,1.0,1.0,0.0
2020,202009,2020-09-30,2020-09-30 04:00:00,2020093004,0.0,1.0,1.0,0.0
2020,202009,2020-09-30,2020-09-30 07:00:00,2020093007,3.0,0.0,0.0,0.0
2020,202009,2020-09-30,2020-09-30 08:00:00,2020093008,3.0,1.0,0.0,0.0
2020,202009,2020-09-30,2020-09-30 09:00:00,2020093009,5.0,1.0,1.0,0.0
2020,202009,2020-09-30,2020-09-30 10:00:00,2020093010,1.0,0.0,0.0,0.0
2020,202009,2020-09-30,2020-09-30 13:00:00,2020093013,0.0,1.0,0.0,1.0
2020,202009,2020-09-30,2020-09-30 14:00:00,2020093014,4.0,2.0,2.0,0.0
2020,202009,2020-09-30,2020-09-30 15:00:00,2020093015,1.0,4.0,2.0,1.0
2020,202009,2020-09-30,2020-09-30 16:00:00,2020093016,3.0,1.0,0.0,1.0
2020,202009,2020-09-30,2020-09-30 17:00:00,2020093017,1.0,2.0,0.0,1.0
2020,202009,2020-09-30,2020-09-30 19:00:00,2020093019,1.0,0.0,0.0,0.0
2020,202009,2020-09-30,2020-09-30 20:00:00,2020093020,3.0,3.0,1.0,3.0
2020,202009,2020-09-30,2020-09-30 21:00:00,2020093021,1.0,1.0,1.0,0.0
2020,202009,2020-09-30,2020-09-30 22:00:00,2020093022,2.0,0.0,0.0,0.0
2020,202009,2020-09-30,2020-09-30 23:00:00,2020093023,0.0,2.0,1.0,0.0
2020,202010,2020-10-01,2020-10-01 10:00:00,2020100110,1.0,0.0,0.0,0.0
2020,202010,2020-10-01,2020-10-01 11:00:00,2020100111,1.0,0.0,0.0,0.0
2020,202010,2020-10-01,2020-10-01 14:00:00,2020100114,3.0,0.0,0.0,0.0
2020,202010,2020-10-01,2020-10-01 15:00:00,2020100115,1.0,1.0,0.0,0.0
2020,202010,2020-10-01,2020-10-01 16:00:00,2020100116,1.0,1.0,1.0,0.0
2020,202010,2020-10-01,2020-10-01 18:00:00,2020100118,2.0,0.0,0.0,0.0
2020,202010,2020-10-01,2020-10-01 19:00:00,2020100119,5.0,0.0,0.0,0.0
2020,202010,2020-10-01,2020-10-01 20:00:00,2020100120,2.0,1.0,1.0,0.0
2020,202010,2020-10-01,2020-10-01 21:00:00,2020100121,1.0,0.0,0.0,0.0
2020,202010,2020-10-01,2020-10-01 22:00:00,2020100122,2.0,0.0,0.0,0.0
2020,202010,2020-10-02,2020-10-02 00:00:00,2020100200,1.0,0.0,0.0,0.0
2020,202010,2020-10-02,2020-10-02 01:00:00,2020100201,0.0,2.0,1.0,1.0
2020,202010,2020-10-02,2020-10-02 02:00:00,2020100202,0.0,1.0,1.0,0.0
2020,202010,2020-10-02,2020-10-02 06:00:00,2020100206,4.0,0.0,0.0,0.0
2020,202010,2020-10-02,2020-10-02 08:00:00,2020100208,1.0,0.0,0.0,0.0
2020,202010,2020-10-02,2020-10-02 10:00:00,2020100210,3.0,0.0,0.0,0.0
2020,202010,2020-10-02,2020-10-02 11:00:00,2020100211,1.0,0.0,0.0,0.0
2020,202010,2020-10-02,2020-10-02 12:00:00,2020100212,0.0,1.0,1.0,0.0
2020,202010,2020-10-02,2020-10-02 13:00:00,2020100213,3.0,0.0,0.0,0.0
2020,202010,2020-10-02,2020-10-02 14:00:00,2020100214,4.0,0.0,0.0,0.0
2020,202010,2020-10-02,2020-10-02 15:00:00,2020100215,2.0,1.0,0.0,0.0
2020,202010,2020-10-02,2020-10-02 16:00:00,2020100216,3.0,1.0,1.0,0.0
2020,202010,2020-10-02,2020-10-02 17:00:00,2020100217,2.0,1.0,1.0,0.0
2020,202010,2020-10-02,2020-10-02 18:00:00,2020100218,2.0,0.0,0.0,0.0
2020,202010,2020-10-02,2020-10-02 19:00:00,2020100219,1.0,1.0,1.0,0.0
2020,202010,2020-10-02,2020-10-02 20:00:00,2020100220,9.0,0.0,0.0,0.0
2020,202010,2020-10-02,2020-10-02 21:00:00,2020100221,0.0,1.0,1.0,1.0
2020,202010,2020-10-02,2020-10-02 22:00:00,2020100222,2.0,0.0,0.0,0.0
2020,202010,2020-10-02,2020-10-02 23:00:00,2020100223,4.0,0.0,0.0,0.0
2020,202010,2020-10-03,2020-10-03 00:00:00,2020100300,2.0,1.0,1.0,0.0
2020,202010,2020-10-03,2020-10-03 01:00:00,2020100301,1.0,1.0,1.0,0.0
2020,202010,2020-10-03,2020-10-03 02:00:00,2020100302,1.0,1.0,1.0,0.0
2020,202010,2020-10-03,2020-10-03 04:00:00,2020100304,0.0,1.0,1.0,0.0
2020,202010,2020-10-03,2020-10-03 05:00:00,2020100305,2.0,1.0,0.0,0.0
2020,202010,2020-10-03,2020-10-03 06:00:00,2020100306,2.0,0.0,0.0,0.0
2020,202010,2020-10-03,2020-10-03 08:00:00,2020100308,0.0,1.0,1.0,0.0
2020,202010,2020-10-03,2020-10-03 10:00:00,2020100310,19.0,0.0,0.0,0.0
2020,202010,2020-10-03,2020-10-03 11:00:00,2020100311,0.0,3.0,1.0,0.0
2020,202010,2020-10-03,2020-10-03 12:00:00,2020100312,5.0,1.0,1.0,0.0
2020,202010,2020-10-03,2020-10-03 13:00:00,2020100313,3.0,1.0,0.0,0.0
2020,202010,2020-10-03,2020-10-03 14:00:00,2020100314,6.0,0.0,0.0,0.0
2020,202010,2020-10-03,2020-10-03 16:00:00,2020100316,1.0,2.0,2.0,1.0
2020,202010,2020-10-03,2020-10-03 17:00:00,2020100317,3.0,0.0,0.0,0.0
2020,202010,2020-10-03,2020-10-03 18:00:00,2020100318,1.0,3.0,2.0,0.0
2020,202010,2020-10-03,2020-10-03 19:00:00,2020100319,4.0,1.0,0.0,1.0
2020,202010,2020-10-03,2020-10-03 20:00:00,2020100320,1.0,0.0,0.0,0.0
2020,202010,2020-10-03,2020-10-03 21:00:00,2020100321,4.0,0.0,0.0,0.0
2020,202010,2020-10-03,2020-10-03 22:00:00,2020100322,2.0,0.0,0.0,0.0
2020,202010,2020-10-03,2020-10-03 23:00:00,2020100323,1.0,0.0,0.0,0.0
2020,202010,2020-10-04,2020-10-04 00:00:00,2020100400,0.0,1.0,0.0,1.0
2020,202010,2020-10-04,2020-10-04 01:00:00,2020100401,2.0,1.0,1.0,0.0
2020,202010,2020-10-04,2020-10-04 04:00:00,2020100404,0.0,2.0,2.0,0.0
2020,202010,2020-10-04,2020-10-04 06:00:00,2020100406,3.0,0.0,0.0,0.0
2020,202010,2020-10-04,2020-10-04 07:00:00,2020100407,1.0,0.0,0.0,0.0
2020,202010,2020-10-04,2020-10-04 11:00:00,2020100411,1.0,0.0,0.0,0.0
2020,202010,2020-10-04,2020-10-04 12:00:00,2020100412,1.0,0.0,0.0,0.0
2020,202010,2020-10-04,2020-10-04 14:00:00,2020100414,2.0,0.0,0.0,0.0
2020,202010,2020-10-04,2020-10-04 15:00:00,2020100415,3.0,0.0,0.0,0.0
2020,202010,2020-10-04,2020-10-04 16:00:00,2020100416,6.0,0.0,0.0,0.0
2020,202010,2020-10-04,2020-10-04 17:00:00,2020100417,2.0,1.0,1.0,0.0
2020,202010,2020-10-04,2020-10-04 18:00:00,2020100418,1.0,0.0,0.0,0.0
2020,202010,2020-10-04,2020-10-04 19:00:00,2020100419,2.0,1.0,0.0,0.0
2020,202010,2020-10-04,2020-10-04 20:00:00,2020100420,1.0,1.0,0.0,0.0
2020,202010,2020-10-04,2020-10-04 21:00:00,2020100421,4.0,0.0,0.0,0.0
2020,202010,2020-10-04,2020-10-04 22:00:00,2020100422,3.0,1.0,0.0,0.0
2020,202010,2020-10-04,2020-10-04 23:00:00,2020100423,1.0,1.0,1.0,0.0
2020,202010,2020-10-05,2020-10-05 02:00:00,2020100502,0.0,1.0,0.0,0.0
2020,202010,2020-10-05,2020-10-05 03:00:00,2020100503,0.0,1.0,1.0,0.0
2020,202010,2020-10-05,2020-10-05 04:00:00,2020100504,0.0,1.0,1.0,0.0
2020,202010,2020-10-05,2020-10-05 05:00:00,2020100505,1.0,0.0,0.0,0.0
2020,202010,2020-10-05,2020-10-05 06:00:00,2020100506,2.0,0.0,0.0,0.0
2020,202010,2020-10-05,2020-10-05 08:00:00,2020100508,1.0,0.0,0.0,0.0
2020,202010,2020-10-05,2020-10-05 09:00:00,2020100509,4.0,0.0,0.0,0.0
2020,202010,2020-10-05,2020-10-05 10:00:00,2020100510,1.0,0.0,0.0,0.0
2020,202010,2020-10-05,2020-10-05 11:00:00,2020100511,2.0,1.0,0.0,0.0
2020,202010,2020-10-05,2020-10-05 12:00:00,2020100512,3.0,1.0,0.0,0.0
2020,202010,2020-10-05,2020-10-05 13:00:00,2020100513,2.0,0.0,0.0,0.0
2020,202010,2020-10-05,2020-10-05 14:00:00,2020100514,3.0,1.0,1.0,0.0
2020,202010,2020-10-05,2020-10-05 15:00:00,2020100515,1.0,1.0,1.0,0.0
2020,202010,2020-10-05,2020-10-05 16:00:00,2020100516,1.0,0.0,0.0,0.0
2020,202010,2020-10-05,2020-10-05 17:00:00,2020100517,3.0,0.0,0.0,0.0
2020,202010,2020-10-05,2020-10-05 18:00:00,2020100518,0.0,2.0,2.0,0.0
2020,202010,2020-10-05,2020-10-05 19:00:00,2020100519,4.0,1.0,0.0,1.0
2020,202010,2020-10-05,2020-10-05 20:00:00,2020100520,4.0,1.0,0.0,0.0
2020,202010,2020-10-05,2020-10-05 21:00:00,2020100521,3.0,0.0,0.0,0.0
2020,202010,2020-10-05,2020-10-05 22:00:00,2020100522,3.0,1.0,0.0,0.0
2020,202010,2020-10-05,2020-10-05 23:00:00,2020100523,0.0,1.0,1.0,0.0
2020,202010,2020-10-06,2020-10-06 01:00:00,2020100601,0.0,1.0,0.0,0.0
2020,202010,2020-10-06,2020-10-06 02:00:00,2020100602,0.0,1.0,0.0,1.0
2020,202010,2020-10-06,2020-10-06 03:00:00,2020100603,1.0,0.0,0.0,0.0
2020,202010,2020-10-06,2020-10-06 04:00:00,2020100604,1.0,1.0,1.0,0.0
2020,202010,2020-10-06,2020-10-06 05:00:00,2020100605,1.0,0.0,0.0,0.0
2020,202010,2020-10-06,2020-10-06 06:00:00,2020100606,1.0,1.0,1.0,0.0
2020,202010,2020-10-06,2020-10-06 09:00:00,2020100609,3.0,1.0,1.0,0.0
2020,202010,2020-10-06,2020-10-06 10:00:00,2020100610,7.0,0.0,0.0,0.0
2020,202010,2020-10-06,2020-10-06 11:00:00,2020100611,3.0,1.0,0.0,0.0
2020,202010,2020-10-06,2020-10-06 12:00:00,2020100612,8.0,1.0,1.0,0.0
2020,202010,2020-10-06,2020-10-06 13:00:00,2020100613,1.0,1.0,1.0,0.0
2020,202010,2020-10-06,2020-10-06 14:00:00,2020100614,6.0,1.0,0.0,0.0
2020,202010,2020-10-06,2020-10-06 15:00:00,2020100615,5.0,2.0,1.0,0.0
2020,202010,2020-10-06,2020-10-06 16:00:00,2020100616,3.0,2.0,1.0,1.0
2020,202010,2020-10-06,2020-10-06 17:00:00,2020100617,3.0,0.0,0.0,0.0
2020,202010,2020-10-06,2020-10-06 18:00:00,2020100618,3.0,3.0,3.0,0.0
2020,202010,2020-10-06,2020-10-06 20:00:00,2020100620,2.0,1.0,1.0,0.0
2020,202010,2020-10-06,2020-10-06 21:00:00,2020100621,0.0,2.0,2.0,0.0
2020,202010,2020-10-06,2020-10-06 22:00:00,2020100622,1.0,0.0,0.0,0.0
2020,202010,2020-10-06,2020-10-06 23:00:00,2020100623,2.0,0.0,0.0,0.0
2020,202010,2020-10-07,2020-10-07 00:00:00,2020100700,2.0,0.0,0.0,0.0
2020,202010,2020-10-07,2020-10-07 01:00:00,2020100701,3.0,0.0,0.0,0.0
2020,202010,2020-10-07,2020-10-07 02:00:00,2020100702,2.0,0.0,0.0,0.0
2020,202010,2020-10-07,2020-10-07 05:00:00,2020100705,1.0,0.0,0.0,0.0
2020,202010,2020-10-07,2020-10-07 07:00:00,2020100707,0.0,1.0,1.0,0.0
2020,202010,2020-10-07,2020-10-07 08:00:00,2020100708,2.0,0.0,0.0,0.0
2020,202010,2020-10-07,2020-10-07 09:00:00,2020100709,3.0,1.0,0.0,1.0
2020,202010,2020-10-07,2020-10-07 10:00:00,2020100710,6.0,0.0,0.0,0.0
2020,202010,2020-10-07,2020-10-07 11:00:00,2020100711,1.0,1.0,1.0,0.0
2020,202010,2020-10-07,2020-10-07 12:00:00,2020100712,1.0,0.0,0.0,0.0
2020,202010,2020-10-07,2020-10-07 13:00:00,2020100713,1.0,0.0,0.0,0.0
2020,202010,2020-10-07,2020-10-07 14:00:00,2020100714,1.0,0.0,0.0,0.0
2020,202010,2020-10-07,2020-10-07 15:00:00,2020100715,1.0,0.0,0.0,0.0
2020,202010,2020-10-07,2020-10-07 16:00:00,2020100716,14.0,4.0,2.0,2.0
2020,202010,2020-10-07,2020-10-07 17:00:00,2020100717,1.0,0.0,0.0,0.0
2020,202010,2020-10-07,2020-10-07 18:00:00,2020100718,3.0,1.0,1.0,0.0
2020,202010,2020-10-07,2020-10-07 19:00:00,2020100719,1.0,0.0,0.0,0.0
2020,202010,2020-10-07,2020-10-07 21:00:00,2020100721,1.0,0.0,0.0,0.0
2020,202010,2020-10-07,2020-10-07 22:00:00,2020100722,1.0,2.0,2.0,0.0
2020,202010,2020-10-08,2020-10-08 00:00:00,2020100800,3.0,1.0,1.0,0.0
2020,202010,2020-10-08,2020-10-08 01:00:00,2020100801,0.0,2.0,1.0,0.0
2020,202010,2020-10-08,2020-10-08 03:00:00,2020100803,1.0,0.0,0.0,0.0
2020,202010,2020-10-08,2020-10-08 04:00:00,2020100804,0.0,1.0,1.0,0.0
2020,202010,2020-10-08,2020-10-08 05:00:00,2020100805,3.0,0.0,0.0,0.0
2020,202010,2020-10-08,2020-10-08 06:00:00,2020100806,2.0,2.0,2.0,0.0
2020,202010,2020-10-08,2020-10-08 07:00:00,2020100807,1.0,0.0,0.0,0.0
2020,202010,2020-10-08,2020-10-08 08:00:00,2020100808,4.0,0.0,0.0,0.0
2020,202010,2020-10-08,2020-10-08 11:00:00,2020100811,0.0,1.0,1.0,0.0
2020,202010,2020-10-08,2020-10-08 13:00:00,2020100813,1.0,0.0,0.0,0.0
2020,202010,2020-10-08,2020-10-08 14:00:00,2020100814,2.0,3.0,2.0,1.0
2020,202010,2020-10-08,2020-10-08 15:00:00,2020100815,1.0,0.0,0.0,0.0
2020,202010,2020-10-08,2020-10-08 16:00:00,2020100816,2.0,0.0,0.0,0.0
2020,202010,2020-10-08,2020-10-08 17:00:00,2020100817,8.0,0.0,0.0,0.0
2020,202010,2020-10-08,2020-10-08 18:00:00,2020100818,3.0,2.0,1.0,1.0
2020,202010,2020-10-08,2020-10-08 19:00:00,2020100819,7.0,0.0,0.0,0.0
2020,202010,2020-10-08,2020-10-08 20:00:00,2020100820,1.0,2.0,2.0,0.0
2020,202010,2020-10-08,2020-10-08 21:00:00,2020100821,1.0,1.0,1.0,0.0
2020,202010,2020-10-08,2020-10-08 22:00:00,2020100822,1.0,2.0,1.0,0.0
2020,202010,2020-10-08,2020-10-08 23:00:00,2020100823,5.0,2.0,2.0,0.0
2020,202010,2020-10-09,2020-10-09 00:00:00,2020100900,0.0,2.0,2.0,0.0
2020,202010,2020-10-09,2020-10-09 01:00:00,2020100901,2.0,3.0,2.0,1.0
2020,202010,2020-10-09,2020-10-09 03:00:00,2020100903,0.0,1.0,1.0,0.0
2020,202010,2020-10-09,2020-10-09 05:00:00,2020100905,2.0,4.0,4.0,0.0
2020,202010,2020-10-09,2020-10-09 06:00:00,2020100906,2.0,0.0,0.0,0.0
2020,202010,2020-10-09,2020-10-09 07:00:00,2020100907,1.0,2.0,2.0,0.0
2020,202010,2020-10-09,2020-10-09 08:00:00,2020100908,3.0,0.0,0.0,0.0
2020,202010,2020-10-09,2020-10-09 09:00:00,2020100909,2.0,1.0,0.0,0.0
2020,202010,2020-10-09,2020-10-09 10:00:00,2020100910,3.0,0.0,0.0,0.0
2020,202010,2020-10-09,2020-10-09 11:00:00,2020100911,3.0,1.0,0.0,0.0
2020,202010,2020-10-09,2020-10-09 12:00:00,2020100912,2.0,1.0,1.0,0.0
2020,202010,2020-10-09,2020-10-09 13:00:00,2020100913,3.0,1.0,0.0,0.0
2020,202010,2020-10-09,2020-10-09 14:00:00,2020100914,4.0,0.0,0.0,0.0
2020,202010,2020-10-09,2020-10-09 15:00:00,2020100915,8.0,4.0,3.0,0.0
2020,202010,2020-10-09,2020-10-09 16:00:00,2020100916,4.0,3.0,1.0,0.0
2020,202010,2020-10-09,2020-10-09 17:00:00,2020100917,3.0,0.0,0.0,0.0
2020,202010,2020-10-09,2020-10-09 18:00:00,2020100918,1.0,0.0,0.0,0.0
2020,202010,2020-10-09,2020-10-09 19:00:00,2020100919,1.0,3.0,1.0,2.0
2020,202010,2020-10-09,2020-10-09 20:00:00,2020100920,0.0,1.0,0.0,1.0
2020,202010,2020-10-09,2020-10-09 21:00:00,2020100921,1.0,2.0,1.0,1.0
2020,202010,2020-10-09,2020-10-09 23:00:00,2020100923,0.0,1.0,0.0,1.0
2020,202010,2020-10-10,2020-10-10 00:00:00,2020101000,1.0,0.0,0.0,0.0
2020,202010,2020-10-10,2020-10-10 01:00:00,2020101001,3.0,0.0,0.0,0.0
2020,202010,2020-10-10,2020-10-10 02:00:00,2020101002,4.0,2.0,2.0,0.0
2020,202010,2020-10-10,2020-10-10 03:00:00,2020101003,1.0,4.0,4.0,0.0
2020,202010,2020-10-10,2020-10-10 04:00:00,2020101004,0.0,1.0,1.0,0.0
2020,202010,2020-10-10,2020-10-10 06:00:00,2020101006,0.0,1.0,1.0,0.0
2020,202010,2020-10-10,2020-10-10 07:00:00,2020101007,0.0,1.0,0.0,0.0
2020,202010,2020-10-10,2020-10-10 08:00:00,2020101008,1.0,0.0,0.0,0.0
2020,202010,2020-10-10,2020-10-10 09:00:00,2020101009,1.0,0.0,0.0,0.0
2020,202010,2020-10-10,2020-10-10 13:00:00,2020101013,1.0,0.0,0.0,0.0
2020,202010,2020-10-10,2020-10-10 14:00:00,2020101014,3.0,1.0,0.0,0.0
2020,202010,2020-10-10,2020-10-10 15:00:00,2020101015,3.0,1.0,0.0,0.0
2020,202010,2020-10-10,2020-10-10 16:00:00,2020101016,2.0,0.0,0.0,0.0
2020,202010,2020-10-10,2020-10-10 17:00:00,2020101017,1.0,0.0,0.0,0.0
2020,202010,2020-10-10,2020-10-10 19:00:00,2020101019,2.0,0.0,0.0,0.0
2020,202010,2020-10-10,2020-10-10 20:00:00,2020101020,0.0,1.0,1.0,0.0
2020,202010,2020-10-10,2020-10-10 21:00:00,2020101021,1.0,0.0,0.0,0.0
2020,202010,2020-10-10,2020-10-10 22:00:00,2020101022,1.0,0.0,0.0,0.0
2020,202010,2020-10-10,2020-10-10 23:00:00,2020101023,0.0,1.0,0.0,0.0
2020,202010,2020-10-11,2020-10-11 01:00:00,2020101101,0.0,1.0,1.0,0.0
2020,202010,2020-10-11,2020-10-11 02:00:00,2020101102,4.0,0.0,0.0,0.0
2020,202010,2020-10-11,2020-10-11 03:00:00,2020101103,1.0,5.0,5.0,0.0
2020,202010,2020-10-11,2020-10-11 07:00:00,2020101107,1.0,0.0,0.0,0.0
2020,202010,2020-10-11,2020-10-11 09:00:00,2020101109,1.0,0.0,0.0,0.0
2020,202010,2020-10-11,2020-10-11 13:00:00,2020101113,1.0,0.0,0.0,0.0
2020,202010,2020-10-11,2020-10-11 15:00:00,2020101115,0.0,1.0,0.0,0.0
2020,202010,2020-10-11,2020-10-11 18:00:00,2020101118,1.0,0.0,0.0,0.0
2020,202010,2020-10-11,2020-10-11 19:00:00,2020101119,0.0,1.0,0.0,0.0
2020,202010,2020-10-11,2020-10-11 20:00:00,2020101120,1.0,0.0,0.0,0.0
2020,202010,2020-10-11,2020-10-11 21:00:00,2020101121,1.0,1.0,0.0,0.0
2020,202010,2020-10-11,2020-10-11 22:00:00,2020101122,2.0,0.0,0.0,0.0
2020,202010,2020-10-11,2020-10-11 23:00:00,2020101123,0.0,1.0,0.0,0.0
2020,202010,2020-10-12,2020-10-12 02:00:00,2020101202,1.0,0.0,0.0,0.0
2020,202010,2020-10-12,2020-10-12 03:00:00,2020101203,0.0,1.0,0.0,1.0
2020,202010,2020-10-12,2020-10-12 04:00:00,2020101204,0.0,1.0,0.0,1.0
2020,202010,2020-10-12,2020-10-12 10:00:00,2020101210,2.0,0.0,0.0,0.0
2020,202010,2020-10-12,2020-10-12 11:00:00,2020101211,1.0,0.0,0.0,0.0
2020,202010,2020-10-12,2020-10-12 12:00:00,2020101212,2.0,0.0,0.0,0.0
2020,202010,2020-10-12,2020-10-12 13:00:00,2020101213,2.0,1.0,1.0,1.0
2020,202010,2020-10-12,2020-10-12 14:00:00,2020101214,1.0,0.0,0.0,0.0
2020,202010,2020-10-12,2020-10-12 15:00:00,2020101215,5.0,0.0,0.0,0.0
2020,202010,2020-10-12,2020-10-12 16:00:00,2020101216,1.0,3.0,2.0,0.0
2020,202010,2020-10-12,2020-10-12 17:00:00,2020101217,1.0,1.0,0.0,0.0
2020,202010,2020-10-12,2020-10-12 18:00:00,2020101218,4.0,1.0,0.0,0.0
2020,202010,2020-10-12,2020-10-12 19:00:00,2020101219,1.0,3.0,1.0,0.0
2020,202010,2020-10-12,2020-10-12 20:00:00,2020101220,1.0,1.0,0.0,1.0
2020,202010,2020-10-12,2020-10-12 21:00:00,2020101221,0.0,2.0,0.0,1.0
2020,202010,2020-10-12,2020-10-12 22:00:00,2020101222,1.0,0.0,0.0,0.0
2020,202010,2020-10-12,2020-10-12 23:00:00,2020101223,1.0,0.0,0.0,0.0
2020,202010,2020-10-13,2020-10-13 00:00:00,2020101300,0.0,1.0,0.0,1.0
2020,202010,2020-10-13,2020-10-13 05:00:00,2020101305,0.0,1.0,1.0,0.0
2020,202010,2020-10-13,2020-10-13 08:00:00,2020101308,2.0,0.0,0.0,0.0
2020,202010,2020-10-13,2020-10-13 09:00:00,2020101309,1.0,1.0,1.0,0.0
2020,202010,2020-10-13,2020-10-13 11:00:00,2020101311,4.0,0.0,0.0,0.0
2020,202010,2020-10-13,2020-10-13 12:00:00,2020101312,8.0,1.0,1.0,0.0
2020,202010,2020-10-13,2020-10-13 13:00:00,2020101313,20.0,0.0,0.0,0.0
2020,202010,2020-10-13,2020-10-13 14:00:00,2020101314,7.0,3.0,2.0,0.0
2020,202010,2020-10-13,2020-10-13 15:00:00,2020101315,12.0,1.0,1.0,0.0
2020,202010,2020-10-13,2020-10-13 16:00:00,2020101316,29.0,0.0,0.0,0.0
2020,202010,2020-10-13,2020-10-13 17:00:00,2020101317,10.0,3.0,2.0,0.0
2020,202010,2020-10-13,2020-10-13 18:00:00,2020101318,18.0,8.0,3.0,2.0
2020,202010,2020-10-13,2020-10-13 19:00:00,2020101319,17.0,9.0,9.0,0.0
2020,202010,2020-10-13,2020-10-13 20:00:00,2020101320,9.0,6.0,5.0,1.0
2020,202010,2020-10-13,2020-10-13 21:00:00,2020101321,18.0,7.0,6.0,1.0
2020,202010,2020-10-13,2020-10-13 22:00:00,2020101322,6.0,18.0,13.0,0.0
2020,202010,2020-10-13,2020-10-13 23:00:00,2020101323,8.0,8.0,8.0,0.0
2020,202010,2020-10-14,2020-10-14 00:00:00,2020101400,5.0,8.0,7.0,0.0
2020,202010,2020-10-14,2020-10-14 01:00:00,2020101401,5.0,9.0,6.0,0.0
2020,202010,2020-10-14,2020-10-14 02:00:00,2020101402,0.0,6.0,4.0,1.0
2020,202010,2020-10-14,2020-10-14 03:00:00,2020101403,7.0,11.0,10.0,0.0
2020,202010,2020-10-14,2020-10-14 04:00:00,2020101404,4.0,4.0,4.0,0.0
2020,202010,2020-10-14,2020-10-14 05:00:00,2020101405,13.0,5.0,5.0,0.0
2020,202010,2020-10-14,2020-10-14 06:00:00,2020101406,10.0,2.0,2.0,0.0
2020,202010,2020-10-14,2020-10-14 07:00:00,2020101407,9.0,4.0,4.0,0.0
2020,202010,2020-10-14,2020-10-14 08:00:00,2020101408,14.0,0.0,0.0,0.0
2020,202010,2020-10-14,2020-10-14 09:00:00,2020101409,24.0,5.0,4.0,0.0
2020,202010,2020-10-14,2020-10-14 10:00:00,2020101410,15.0,7.0,7.0,2.0
2020,202010,2020-10-14,2020-10-14 11:00:00,2020101411,16.0,10.0,10.0,0.0
2020,202010,2020-10-14,2020-10-14 12:00:00,2020101412,9.0,9.0,5.0,1.0
2020,202010,2020-10-14,2020-10-14 13:00:00,2020101413,20.0,6.0,5.0,0.0
2020,202010,2020-10-14,2020-10-14 14:00:00,2020101414,24.0,16.0,9.0,1.0
2020,202010,2020-10-14,2020-10-14 15:00:00,2020101415,18.0,26.0,10.0,0.0
2020,202010,2020-10-14,2020-10-14 16:00:00,2020101416,14.0,20.0,9.0,0.0
2020,202010,2020-10-14,2020-10-14 17:00:00,2020101417,15.0,18.0,8.0,1.0
2020,202010,2020-10-14,2020-10-14 18:00:00,2020101418,7.0,16.0,6.0,1.0
2020,202010,2020-10-14,2020-10-14 19:00:00,2020101419,7.0,7.0,1.0,2.0
2020,202010,2020-10-14,2020-10-14 20:00:00,2020101420,10.0,7.0,0.0,1.0
2020,202010,2020-10-14,2020-10-14 21:00:00,2020101421,17.0,12.0,2.0,0.0
2020,202010,2020-10-14,2020-10-14 22:00:00,2020101422,16.0,10.0,1.0,0.0
2020,202010,2020-10-14,2020-10-14 23:00:00,2020101423,2.0,13.0,0.0,0.0
2020,202010,2020-10-15,2020-10-15 00:00:00,2020101500,6.0,3.0,0.0,1.0
2020,202010,2020-10-15,2020-10-15 01:00:00,2020101501,3.0,5.0,0.0,0.0
2020,202010,2020-10-15,2020-10-15 02:00:00,2020101502,3.0,3.0,0.0,0.0
2020,202010,2020-10-15,2020-10-15 03:00:00,2020101503,1.0,1.0,0.0,0.0
2020,202010,2020-10-15,2020-10-15 04:00:00,2020101504,2.0,0.0,0.0,0.0
2020,202010,2020-10-15,2020-10-15 05:00:00,2020101505,4.0,1.0,0.0,0.0
2020,202010,2020-10-15,2020-10-15 06:00:00,2020101506,4.0,3.0,0.0,0.0
2020,202010,2020-10-15,2020-10-15 07:00:00,2020101507,8.0,3.0,1.0,0.0
2020,202010,2020-10-15,2020-10-15 08:00:00,2020101508,7.0,5.0,1.0,0.0
2020,202010,2020-10-15,2020-10-15 09:00:00,2020101509,6.0,5.0,2.0,1.0
2020,202010,2020-10-15,2020-10-15 10:00:00,2020101510,3.0,5.0,0.0,0.0
2020,202010,2020-10-15,2020-10-15 11:00:00,2020101511,6.0,2.0,1.0,0.0
2020,202010,2020-10-15,2020-10-15 12:00:00,2020101512,3.0,2.0,0.0,0.0
2020,202010,2020-10-15,2020-10-15 13:00:00,2020101513,8.0,1.0,0.0,0.0
2020,202010,2020-10-15,2020-10-15 14:00:00,2020101514,7.0,4.0,0.0,0.0
2020,202010,2020-10-15,2020-10-15 15:00:00,2020101515,18.0,4.0,0.0,1.0
2020,202010,2020-10-15,2020-10-15 16:00:00,2020101516,15.0,13.0,0.0,0.0
2020,202010,2020-10-15,2020-10-15 17:00:00,2020101517,9.0,9.0,1.0,0.0
2020,202010,2020-10-15,2020-10-15 18:00:00,2020101518,5.0,7.0,2.0,0.0
2020,202010,2020-10-15,2020-10-15 19:00:00,2020101519,7.0,5.0,0.0,1.0
2020,202010,2020-10-15,2020-10-15 20:00:00,2020101520,4.0,7.0,0.0,0.0
2020,202010,2020-10-15,2020-10-15 21:00:00,2020101521,10.0,6.0,1.0,1.0
2020,202010,2020-10-15,2020-10-15 22:00:00,2020101522,2.0,9.0,3.0,1.0
2020,202010,2020-10-15,2020-10-15 23:00:00,2020101523,3.0,1.0,0.0,0.0
2020,202010,2020-10-16,2020-10-16 00:00:00,2020101600,4.0,2.0,0.0,0.0
2020,202010,2020-10-16,2020-10-16 01:00:00,2020101601,0.0,3.0,0.0,0.0
2020,202010,2020-10-16,2020-10-16 03:00:00,2020101603,1.0,0.0,0.0,0.0
2020,202010,2020-10-16,2020-10-16 04:00:00,2020101604,1.0,1.0,0.0,0.0
2020,202010,2020-10-16,2020-10-16 05:00:00,2020101605,5.0,1.0,0.0,0.0
2020,202010,2020-10-16,2020-10-16 06:00:00,2020101606,2.0,3.0,1.0,0.0
2020,202010,2020-10-16,2020-10-16 07:00:00,2020101607,7.0,1.0,0.0,0.0
2020,202010,2020-10-16,2020-10-16 08:00:00,2020101608,12.0,6.0,0.0,0.0
2020,202010,2020-10-16,2020-10-16 09:00:00,2020101609,10.0,9.0,0.0,0.0
2020,202010,2020-10-16,2020-10-16 10:00:00,2020101610,2.0,9.0,0.0,0.0
2020,202010,2020-10-16,2020-10-16 11:00:00,2020101611,3.0,2.0,0.0,0.0
2020,202010,2020-10-16,2020-10-16 12:00:00,2020101612,8.0,2.0,0.0,0.0
2020,202010,2020-10-16,2020-10-16 13:00:00,2020101613,6.0,6.0,0.0,0.0
2020,202010,2020-10-16,2020-10-16 14:00:00,2020101614,4.0,3.0,0.0,0.0
2020,202010,2020-10-16,2020-10-16 15:00:00,2020101615,8.0,5.0,0.0,1.0
2020,202010,2020-10-16,2020-10-16 16:00:00,2020101616,7.0,2.0,0.0,0.0
2020,202010,2020-10-16,2020-10-16 17:00:00,2020101617,8.0,4.0,0.0,0.0
2020,202010,2020-10-16,2020-10-16 18:00:00,2020101618,10.0,7.0,0.0,0.0
2020,202010,2020-10-16,2020-10-16 19:00:00,2020101619,13.0,5.0,0.0,0.0
2020,202010,2020-10-16,2020-10-16 20:00:00,2020101620,9.0,10.0,0.0,0.0
2020,202010,2020-10-16,2020-10-16 21:00:00,2020101621,9.0,7.0,0.0,2.0
2020,202010,2020-10-16,2020-10-16 22:00:00,2020101622,6.0,6.0,0.0,0.0
2020,202010,2020-10-16,2020-10-16 23:00:00,2020101623,2.0,6.0,1.0,0.0
2020,202010,2020-10-17,2020-10-17 00:00:00,2020101700,7.0,2.0,0.0,0.0
2020,202010,2020-10-17,2020-10-17 01:00:00,2020101701,1.0,5.0,0.0,0.0
2020,202010,2020-10-17,2020-10-17 02:00:00,2020101702,2.0,2.0,0.0,1.0
2020,202010,2020-10-17,2020-10-17 03:00:00,2020101703,3.0,2.0,0.0,0.0
2020,202010,2020-10-17,2020-10-17 04:00:00,2020101704,6.0,2.0,0.0,0.0
2020,202010,2020-10-17,2020-10-17 05:00:00,2020101705,8.0,1.0,0.0,0.0
2020,202010,2020-10-17,2020-10-17 06:00:00,2020101706,10.0,6.0,0.0,0.0
2020,202010,2020-10-17,2020-10-17 07:00:00,2020101707,19.0,8.0,0.0,0.0
2020,202010,2020-10-17,2020-10-17 08:00:00,2020101708,12.0,12.0,1.0,0.0
2020,202010,2020-10-17,2020-10-17 09:00:00,2020101709,9.0,3.0,0.0,0.0
2020,202010,2020-10-17,2020-10-17 10:00:00,2020101710,0.0,6.0,0.0,0.0
2020,202010,2020-10-17,2020-10-17 13:00:00,2020101713,0.0,1.0,0.0,1.0
2020,202010,2020-10-17,2020-10-17 14:00:00,2020101714,0.0,1.0,1.0,0.0
